run_id,scenario_id,model_name,md_path,answer_char_length,answer_sha256
1,unknown,Gemma 3 12B IT,run_1__unknown__gemma_3_12b_it.md,2446,537ac38cc81315cf350116a6feb592ae585a99f7182df88edda7bbb0bd2541e7
2,unknown,Gemma 3 12B IT,run_2__unknown__gemma_3_12b_it.md,2570,a59edb8035c361a3cf328a9f71a38f6ef9b2fd08f7e50f940f9bb1d597f77921
3,unknown,Gemma 3 12B IT,run_3__unknown__gemma_3_12b_it.md,2712,625bfbe795f79d628ce8a0f3d22f4f65bd379653259de6dcad5058655103ec2c
4,unknown,Gemma 3 12B IT,run_4__unknown__gemma_3_12b_it.md,2583,2b706aec29f5e0a17fc99c602771cfc6ecdf9aba59c85365b8fc04feb5a07672
5,unknown,Gemma 3 27B IT,run_5__unknown__gemma_3_27b_it.md,3020,5db0a9a6c943fce3bb46ab00d39bbdde8063ddfbe501288b24aa62597ec32c63
6,unknown,Gemma 3 27B IT,run_6__unknown__gemma_3_27b_it.md,3195,4b093e34ed2d178e90688096b231d39c5aa9e57a0ee418507b62c509d001a04e
7,unknown,Gemma 4 31B IT,run_7__unknown__gemma_4_31b_it.md,2995,8b20ca3e68ed93cfe1e5d3815fd9c41ae23839f0c59daa981f13138993a16642
8,unknown,Gemma 4 31B IT,run_8__unknown__gemma_4_31b_it.md,3186,afcf77c03e20d9342fe27a56694045c050cd616b2598fbfc81f0dba19ad621b3
9,unknown,Granite 4.1 8B,run_9__unknown__granite_4_1_8b.md,3617,c96fdafa81b54b2d071ecdb43576ce838c0c9f72ca75469394489b62a363d69f
10,unknown,Granite 4.1 8B,run_10__unknown__granite_4_1_8b.md,3298,a6a595478c74089877d9b9121f8009fcbf973652de99f250e2f3bb9af3db16fe
11,unknown,Granite 4.1 8B,run_11__unknown__granite_4_1_8b.md,3239,02e69e44f7adcfe300feb7193516f4a25308ab90df192f2cfae309c7995406f8
12,unknown,Granite 4.1 8B,run_12__unknown__granite_4_1_8b.md,3436,af46a67d29cdc4e04b4006a6d43c85b1f3222c4756347ef67c2d81526c99b1df
13,unknown,Llama 3.1 8B Instruct,run_13__unknown__llama_3_1_8b_instruct.md,2033,26ab93604574744c92f24c22e586f2c8b5b24028ff8fe11272482a2f2e060d5c
14,unknown,Llama 3.1 8B Instruct,run_14__unknown__llama_3_1_8b_instruct.md,2040,127d05caaa91ef27a53fc46db7b9d9de85a551d9eddfa5bd2609b902ade744c0
15,unknown,Llama 3.1 8B Instruct,run_15__unknown__llama_3_1_8b_instruct.md,2816,253d97a594fd80f2bd627e1d4c6df0916044ea6cecb3aa2c2899cbc8f1104a44
16,unknown,Llama 3.1 8B Instruct,run_16__unknown__llama_3_1_8b_instruct.md,2142,e26a4f7e5ae6344e54763cb228baa30328d70dee887c41142ac33a3728e406af
17,unknown,Ministral 3 8B,run_17__unknown__ministral_3_8b.md,11562,5af70dc9324ea363bf4cdf4b4184d61991f5a9eb26f0b07b052e2cf048a4531f
18,unknown,Ministral 3 8B,run_18__unknown__ministral_3_8b.md,9189,b76e848c70cd5d2ece047d320abbfb452d600a390df9195459dad4611a90e2a2
19,unknown,Ministral 3 8B,run_19__unknown__ministral_3_8b.md,7326,7764a564e28d5bd2ffe7c2550385bb5c516db467e62ef7fe20c875d54c28fc61
20,unknown,Ministral 3 8B,run_20__unknown__ministral_3_8b.md,33973,38b99b7a3fcd1076415c28efa24cad260a2fd194f18c56c440977ed39dff7fee
21,unknown,Mistral NeMo 12B,run_21__unknown__mistral_nemo_12b.md,1562,b158cfd2102ca2e4744411b9ebaddaa301c6a2cd3b8c7d1aa153c46100a4fa31
22,unknown,Mistral NeMo 12B,run_22__unknown__mistral_nemo_12b.md,1725,cf12420cde10683383c5daaed779c9c086d7a2b364489d51516f989119768de2
23,unknown,Mistral NeMo 12B,run_23__unknown__mistral_nemo_12b.md,1562,b158cfd2102ca2e4744411b9ebaddaa301c6a2cd3b8c7d1aa153c46100a4fa31
24,unknown,Mistral NeMo 12B,run_24__unknown__mistral_nemo_12b.md,2978,87ed0bd64f03e5ff5ca7cc1848706729d6fa91aca16e050134bb3f97a1f92dbc
25,unknown,Mistral Small 3.2 24B Instruct,run_25__unknown__mistral_small_3_2_24b_instruct.md,2531,88d39f5b926867b90b394c3447c4c20c4e9ee3515b66e5a43da6866a71e488bb
26,unknown,Mistral Small 3.2 24B Instruct,run_26__unknown__mistral_small_3_2_24b_instruct.md,2415,be5119fbb3e205bcbe3245e53b04bb1e3b5936fa7f18e7669af645a919a08350
27,unknown,NVIDIA Nemotron 3 Nano 30B-A3B,run_27__unknown__nvidia_nemotron_3_nano_30b_a3b.md,51960,583a16657a37097dbc2a39d3c1403fc0a2bd96ca1ad9dc9a73e2c67721984d81
28,unknown,NVIDIA Nemotron 3 Nano 30B-A3B,run_28__unknown__nvidia_nemotron_3_nano_30b_a3b.md,2746,2b554dbc38cca86d19f28e193125badd30371fbc675cdea474d7c0f4628acd76
29,unknown,Qwen3 8B,run_29__unknown__qwen3_8b.md,210,1d9eaf2f320cd5ea92599790808264c374bec9ac63cc48c6ce18b81005a8772c
30,unknown,Qwen3 8B,run_30__unknown__qwen3_8b.md,221,bb1e81daf0f652b285c4e7739364fa322e5a31859ff9f0458234b97ca9abf5bf
31,unknown,Qwen3.5 9B,run_31__unknown__qwen3_5_9b.md,4158,ec7fceac4e42de878e1a0b93884b44d790f97c0aa2fdb8e0beed474398110ede
32,unknown,Qwen3.5 9B,run_32__unknown__qwen3_5_9b.md,4152,4a970ebfae33fd63cde31cf4c75213ce48eb990a2fe9e6be9613116a71a18856
33,unknown,Gemma 3 12B IT,run_33__unknown__gemma_3_12b_it.md,3338,c5ebf62f74ebbee45426b3d4a389ba915a6ca4442825947683025a1db6540e98
34,unknown,Gemma 3 12B IT,run_34__unknown__gemma_3_12b_it.md,3596,81ffe41b1dbb2158cc2d2d8104fe6ca5124b428870b3b9b0c1bb65e819fe32c6
35,unknown,Gemma 3 12B IT,run_35__unknown__gemma_3_12b_it.md,3259,f2131e329679742fb7c5a1869baa760844f24d4bed933b07d0d2997e4aad205b
36,unknown,Gemma 3 27B IT,run_36__unknown__gemma_3_27b_it.md,3889,ef5bc8599dec3e57052649a6332625c4ddd17c119a2b21498a1f241dd2a4615f
37,unknown,Gemma 4 31B IT,run_37__unknown__gemma_4_31b_it.md,3361,7e622add003cdcd7e83ac4a970aebd16437c7234c0e7f46e52a7fef16a6d9f39
38,unknown,Granite 4.1 8B,run_38__unknown__granite_4_1_8b.md,4081,b0d7c6b2bd8a7aa67d05b3fa21efa8b491ac40adfbd447333cfa14259e33054c
39,unknown,Granite 4.1 8B,run_39__unknown__granite_4_1_8b.md,3820,ed2363db7889c950203fd3f72fcfe4bc140d2d6a56e5b7b8d171d1288039b773
40,unknown,Granite 4.1 8B,run_40__unknown__granite_4_1_8b.md,3767,c5030432e69bb109c8b64e9cb92dd5c6076ccabc195829b999ce0680487af387
41,unknown,Llama 3.1 8B Instruct,run_41__unknown__llama_3_1_8b_instruct.md,47854,78cb8251a7fe8f12a144730dd9ad2b6890226f0ce4bb4daee6305dcacf34d945
42,unknown,Llama 3.1 8B Instruct,run_42__unknown__llama_3_1_8b_instruct.md,2710,cf9f2d526cb8703bb210ecfd3317423b43755e893e6d7aebb2fdbc0dd73d5de3
43,unknown,Llama 3.1 8B Instruct,run_43__unknown__llama_3_1_8b_instruct.md,3496,99625626644cb0e64ff3f5dad2629fcd6e03ba5e25e7603ada7fad386ff1e33f
44,unknown,Ministral 3 8B,run_44__unknown__ministral_3_8b.md,4983,65c407ea77dc6c80155f2e3570c64f904758a7a638bb017eb4544f33ae6852fb
45,unknown,Ministral 3 8B,run_45__unknown__ministral_3_8b.md,6571,f4dfa8a8eca9be27e9e28a7e854826fe7616edc2dbc9e77325d63b7e923bc2ba
46,unknown,Ministral 3 8B,run_46__unknown__ministral_3_8b.md,4134,7aa0d5aa95946d0e2f83b52ed8a6ec95ff488fb73fbe65b5a8f66963e16ed387
47,unknown,Mistral NeMo 12B,run_47__unknown__mistral_nemo_12b.md,2150,7eb639e7f7985ece8922b56e570e8a0e67c94b4451102bf63acd0775f47a3a54
48,unknown,Mistral NeMo 12B,run_48__unknown__mistral_nemo_12b.md,1933,99cf90fc8611274f2adfb2d4b7281c9414ba6e21e00ac38c6fccea3aa0329785
49,unknown,Mistral NeMo 12B,run_49__unknown__mistral_nemo_12b.md,2104,b6e6770dfb4fb8f3a92d33a8e6340ed16c8ff00c83e58f84be179d7799b44862
50,unknown,Mistral Small 3.2 24B Instruct,run_50__unknown__mistral_small_3_2_24b_instruct.md,2511,4f38008d7027c56cd6200011c30a93329773d4c2d8cb3c5cb2d83c8381a038ea
51,unknown,NVIDIA Nemotron 3 Nano 30B-A3B,run_51__unknown__nvidia_nemotron_3_nano_30b_a3b.md,26707,1cae2ca2c767d1806b135232c8a4219c40862458ef491f84c36b90e2a6b420f1
52,unknown,Qwen3 8B,run_52__unknown__qwen3_8b.md,208,19d307fde0bdf939509f0b6af367bd46a66d8f060f522075e5f438d3bd8592bc
53,unknown,Qwen3.5 9B,run_53__unknown__qwen3_5_9b.md,4311,5b3a741ff0f2036763704e438f55cd49ef5eec3e451ac056b246cd52b332a0a5
54,unknown,Gemma 3 12B IT,run_54__unknown__gemma_3_12b_it.md,5362,3cc801fece053a1d2e4c3828d798227d1d8dd72d0b39e108249c4030862241a1
55,unknown,Gemma 3 12B IT,run_55__unknown__gemma_3_12b_it.md,5009,2c98c14ce148e83f5deef92b00803d682accd7efeece63a1b43df1f82e1d81a0
56,unknown,Gemma 3 12B IT,run_56__unknown__gemma_3_12b_it.md,5392,bc4f99452838f6deb51edc946bb711a8dd85eed261a54b2112851c140818aa40
57,unknown,Gemma 3 27B IT,run_57__unknown__gemma_3_27b_it.md,5679,6088b8f919e2f33bfcd2630b01b979e97b1b235588906a1738a594a17023310b
58,unknown,Gemma 4 31B IT,run_58__unknown__gemma_4_31b_it.md,3380,fbce1d341e77ca34a94d076380d9dfc4cf7199073abf2efac9bf171708b60e17
59,unknown,Granite 4.1 8B,run_59__unknown__granite_4_1_8b.md,4624,38f40ea39a9fce12249b5385289915f71ca3ae9d819e60ff48456832205050cd
60,unknown,Granite 4.1 8B,run_60__unknown__granite_4_1_8b.md,5721,9ab901b5fd57cf43b285cb1ffac79a6049c70c4002f6bb42bd9921c8a9f5352a
61,unknown,Granite 4.1 8B,run_61__unknown__granite_4_1_8b.md,4800,8f1f5d6dc673f8931fddfef7b03ac105ffb6506bc51564558de305f7047f9202
62,unknown,Llama 3.1 8B Instruct,run_62__unknown__llama_3_1_8b_instruct.md,5102,4643b698e0ddee6295190c66c81f67fefc0e848d90377ca240f7aedc2c4f4125
63,unknown,Llama 3.1 8B Instruct,run_63__unknown__llama_3_1_8b_instruct.md,4421,9f4b34120d726e201cee98c09d0bf7ad31c83d6141f07a43e9f4af3dd95f60f7
64,unknown,Llama 3.1 8B Instruct,run_64__unknown__llama_3_1_8b_instruct.md,3398,76d1d88f7f5c8c1a4f567b3eafcf99c26ace2a746c61555c45e5b618e6cdf50f
65,unknown,Ministral 3 8B,run_65__unknown__ministral_3_8b.md,55038,37a0143257406a2b9f62d37bbedadc82c2b8bf8fca7cc5589cafbc7187a35e5a
66,unknown,Ministral 3 8B,run_66__unknown__ministral_3_8b.md,7944,2e1ea45d98c71e4182d5d8f92cbb880df2d79c15290e1494a4a0caa83ea2c478
67,unknown,Ministral 3 8B,run_67__unknown__ministral_3_8b.md,7632,0444ffa7065740a9682b29d9f1436e51dbbc977bb37aadbd277b6e5ad6a67e8b
68,unknown,Mistral NeMo 12B,run_68__unknown__mistral_nemo_12b.md,2740,98de19e64c926ace4de1fbe261a7a18e51cf0a9757d3dae7ba8c7fdbb079740d
69,unknown,Mistral NeMo 12B,run_69__unknown__mistral_nemo_12b.md,2190,8fba0d58f7a6de3524c82749544786de2b26977abe3d14bd87bae602be8ebe06
70,unknown,Mistral NeMo 12B,run_70__unknown__mistral_nemo_12b.md,2266,10e337e3dea379e1ca14b5720dbdf321c7047fdc7c5a73e410bc2e2264ae19ca
71,unknown,Mistral Small 3.2 24B Instruct,run_71__unknown__mistral_small_3_2_24b_instruct.md,3639,7117c46695c8fbdd7a0041251ef1463a0588f0a0a61e8693abfc31d30c8f07ca
72,unknown,NVIDIA Nemotron 3 Nano 30B-A3B,run_72__unknown__nvidia_nemotron_3_nano_30b_a3b.md,33657,cb7d0c209434a4f1d5712934c99c7398b5c20fe1f5aaa6dae2beaf40d4e37e41
73,unknown,Qwen3 8B,run_73__unknown__qwen3_8b.md,104,a4b4cd6744b7429555db89140a540cd8c13fb9dec9cd067ab502dff674a17f1b
74,unknown,Qwen3.5 9B,run_74__unknown__qwen3_5_9b.md,2700,282fb335b545bbb208774d10843fb7b814a10fd259e83896a990906e867c13ab
75,unknown,Gemma 3 12B IT,run_75__unknown__gemma_3_12b_it.md,3311,6c7b1b089d6a9a59a7dfb8d074e87fec5b5ace96c5edf243f58b1228ac696e96
76,unknown,Gemma 3 12B IT,run_76__unknown__gemma_3_12b_it.md,3616,04ecba4fcf76a82660ddc02e25bd9f122d6dcc590e5c513f5aad22262375d93b
77,unknown,Gemma 3 12B IT,run_77__unknown__gemma_3_12b_it.md,3328,fd2da97925f79c6d8e0ed7b561cab3609988515d258a84e2b8bec04726d19a97
78,unknown,Gemma 3 27B IT,run_78__unknown__gemma_3_27b_it.md,4301,6a3e008942bdb5415df463bbf925c4d8209daeae0603b91543cf4098701d1db3
79,unknown,Gemma 4 31B IT,run_79__unknown__gemma_4_31b_it.md,3175,9320ef1afd355cca845a07d24f3f7e01a85432a6c98bd4a2aab1b1d4f2e8324e
80,unknown,Granite 4.1 8B,run_80__unknown__granite_4_1_8b.md,3415,8e3c627aabac54cb4f689b45d7df24a4bc03942d280e8a48e15c0de038617eb3
81,unknown,Granite 4.1 8B,run_81__unknown__granite_4_1_8b.md,3351,a11e8f847a82ee02935c532d8f7d96934b1340db6e5e5943821d2cc7db63a4cd
82,unknown,Llama 3.1 8B Instruct,run_82__unknown__llama_3_1_8b_instruct.md,2848,96bfb8fc3b3e501d1739191245637d34379b69b6a641754e811857a9e4bca559
83,unknown,Llama 3.1 8B Instruct,run_83__unknown__llama_3_1_8b_instruct.md,2848,96bfb8fc3b3e501d1739191245637d34379b69b6a641754e811857a9e4bca559
84,unknown,Llama 3.1 8B Instruct,run_84__unknown__llama_3_1_8b_instruct.md,3675,c43622d0f648b67b893613f6f392e4767c44911b0a30d9babc9713e9581d50c7
85,unknown,Ministral 3 8B,run_85__unknown__ministral_3_8b.md,5196,8b848b2ecd391d1cdc40236d507d6d81e0abf8620f3288d961c279b78bd91180
86,unknown,Ministral 3 8B,run_86__unknown__ministral_3_8b.md,4961,320c110978ab52287f20c4a7fba77ec95ef501c7c2a680b8aec12924f99537f5
87,unknown,Ministral 3 8B,run_87__unknown__ministral_3_8b.md,4310,ad64791af4a6e33891cfc13bc352048fcb87afb5c8ed429f641a4648ceac3f68
88,unknown,Mistral NeMo 12B,run_88__unknown__mistral_nemo_12b.md,2165,4488694d5f2ac5ed3c0d4d7550f9ab3b30bead4bce17a3504436079b8c1915af
89,unknown,Mistral NeMo 12B,run_89__unknown__mistral_nemo_12b.md,2184,f9f6b6bead61017f865873e15d89f357348c7be617402b8220066147c9ec1b55
90,unknown,Mistral NeMo 12B,run_90__unknown__mistral_nemo_12b.md,2552,78d568eec584c0f63adc0bd8010b1571604638d7eea9c172f760246c57f25b21
91,unknown,Mistral Small 3.2 24B Instruct,run_91__unknown__mistral_small_3_2_24b_instruct.md,3421,c7f0d9f7e6bc0115a431e2da657d99048f0d5c564c2b37ddf24af2b3e0e21a94
92,unknown,NVIDIA Nemotron 3 Nano 30B-A3B,run_92__unknown__nvidia_nemotron_3_nano_30b_a3b.md,3438,2e3c95ebb191a68f8d425c9d813e7c57268a5d56414488a70f7ad8d842b98876
93,unknown,Qwen3 8B,run_93__unknown__qwen3_8b.md,158,471404dadbca86a30003bcdc3bf6ffc8419899eee8fb8a327257d5bcda6f16e8
94,unknown,Qwen3.5 9B,run_94__unknown__qwen3_5_9b.md,5672,70ea4934bb1a4c71cf034a35d0fd933097ab9d1a59fecb6be5aa002d8d1bbcff
95,unknown,Gemma 3 12B IT,run_95__unknown__gemma_3_12b_it.md,4259,012ceca68872edf54e90c222c4896018f32db61b33c8e2c33fb81ca70e2d8b16
96,unknown,Gemma 3 12B IT,run_96__unknown__gemma_3_12b_it.md,3959,44dc5ab53d2d35ce65ef4c952f6dc2bf0aa8ab1686198ad5bd4526554bdb1f75
97,unknown,Gemma 3 27B IT,run_97__unknown__gemma_3_27b_it.md,7444,8d9d5c4a62664f33109b532ee0c434cea6b92a2763b8bbe963a9e9abc49d1e0a
98,unknown,Gemma 4 31B IT,run_98__unknown__gemma_4_31b_it.md,3122,d3e877839f8346122abe06326421b5ad1de2475d888a343ed93fb0a16367e2bf
99,unknown,Granite 4.1 8B,run_99__unknown__granite_4_1_8b.md,4514,2c97f444175d9c15e3395f4e917b8cefcfb611001682b70e7cdd4fe09d5305ba
100,unknown,Granite 4.1 8B,run_100__unknown__granite_4_1_8b.md,4762,d19e3cd74c7ae6f6954da7b66ffed08a7be85543e72d2cfebb821e5f71628829
101,unknown,Granite 4.1 8B,run_101__unknown__granite_4_1_8b.md,4441,7c88ce6c04c945d1446678cbf4fa609250d061a09f44f2803e96e7072c933267
102,unknown,Llama 3.1 8B Instruct,run_102__unknown__llama_3_1_8b_instruct.md,2010,a541a00acd5578a13d1bb4d519bc130739dfc88ffe47d021c003155da720b8ab
103,unknown,Llama 3.1 8B Instruct,run_103__unknown__llama_3_1_8b_instruct.md,2907,03ae6b0aef7d220fcdc02d59c76b7aa0405ea7f278f331a0498899cc7a5eef09
104,unknown,Llama 3.1 8B Instruct,run_104__unknown__llama_3_1_8b_instruct.md,3056,2b97aed5959ee0f21188545374d3047ae30864c8aee3f76acddd8d33b4f66cdc
105,unknown,Ministral 3 8B,run_105__unknown__ministral_3_8b.md,3852,ba4d39c8de606963fd3eaed3d5185473b92445ba6ca3237de8f9c57c38c63ae8
106,unknown,Ministral 3 8B,run_106__unknown__ministral_3_8b.md,4321,47b0b610294f74522b11cb203c8cc74f966019dd2e8c71b066733b6d41a3d384
107,unknown,Ministral 3 8B,run_107__unknown__ministral_3_8b.md,8453,f2706d5ab98076e8cb506ff522c9a9fb21ae9658baba85077b1eed4170cb750b
108,unknown,Mistral NeMo 12B,run_108__unknown__mistral_nemo_12b.md,1999,02781efb8e1937bc3f8f4c4fc0a8aae3fdd23900721f5b3e34cb4b75a31cc982
109,unknown,Mistral NeMo 12B,run_109__unknown__mistral_nemo_12b.md,1998,330b6711a1f66bb5ae89093d452b56c549cc02aadea3c330ba2684251c268261
110,unknown,Mistral NeMo 12B,run_110__unknown__mistral_nemo_12b.md,1999,02781efb8e1937bc3f8f4c4fc0a8aae3fdd23900721f5b3e34cb4b75a31cc982
111,unknown,Mistral Small 3.2 24B Instruct,run_111__unknown__mistral_small_3_2_24b_instruct.md,3967,1fea14e280a274671c80e06ffa62a070d6bdf75eb146051862521f71cddc7972
112,unknown,NVIDIA Nemotron 3 Nano 30B-A3B,run_112__unknown__nvidia_nemotron_3_nano_30b_a3b.md,2386,c17c55a5be18ba75d031633f40ae223caf727eae9da4a738ce20bf7d62dab58b
113,unknown,Qwen3 8B,run_113__unknown__qwen3_8b.md,142,678096d122fc93f41692062d2a1e3855e9268e653987dcc3910e329d024589e0
114,unknown,Qwen3.5 9B,run_114__unknown__qwen3_5_9b.md,255,3043fcfa87faa4e33a5f11c8cda45a2b531593764c387f1e2b5c9d5ce5a3b61a
115,unknown,Gemma 3 12B IT,run_115__unknown__gemma_3_12b_it.md,4087,88a4547c869f118061ef66f41bab59ee9cd93ded6ea7483e20830a865636750c
116,unknown,Gemma 3 12B IT,run_116__unknown__gemma_3_12b_it.md,3579,b063a59be0a9edddfc8d454a19149153426f3ef6e0826471b0c60b0d4216e0ef
117,unknown,Gemma 3 12B IT,run_117__unknown__gemma_3_12b_it.md,3545,44148dd8d3c4fab26b83640861764f761dbe0bf7f6aa28d4ad734c63d113d4c4
118,unknown,Gemma 3 27B IT,run_118__unknown__gemma_3_27b_it.md,3370,acca5df5754e7be2cc0967478dfdea805e68fca30f356d05c64cf6dc262b21db
119,unknown,Gemma 4 31B IT,run_119__unknown__gemma_4_31b_it.md,2733,5fc17f2bf68c4254acdfe8579c6b273ea6d73ef9c2298469ed8a7c0ed134d849
120,unknown,Granite 4.1 8B,run_120__unknown__granite_4_1_8b.md,2751,5d41d9449da298c967c9ecf4a8a018672f4206fefcb08c1fca8a20a111885597
121,unknown,Granite 4.1 8B,run_121__unknown__granite_4_1_8b.md,2886,be36e750963aa51b2a6fdd68cb8c621980dec6840f831a06eee35c325b7ad1c1
122,unknown,Granite 4.1 8B,run_122__unknown__granite_4_1_8b.md,2912,0da1d168eda90da11e9240955d6da435daf11db722610bdc8a4bf1bfe6fe387b
123,unknown,Llama 3.1 8B Instruct,run_123__unknown__llama_3_1_8b_instruct.md,1789,6cd3f0d3b3258879b3ac98b34596a2cbc03258d9a118c645569d8ad19676a230
124,unknown,Llama 3.1 8B Instruct,run_124__unknown__llama_3_1_8b_instruct.md,2570,fe35445fbabaca08ab024db5513cdfd1f451832275bd9f62dd63b4421980650e
125,unknown,Llama 3.1 8B Instruct,run_125__unknown__llama_3_1_8b_instruct.md,2817,3d88dd161419098aaa62f053c5748d5feaf445d41d09688864082f5ccaa67833
126,unknown,Ministral 3 8B,run_126__unknown__ministral_3_8b.md,3381,67fd817a026a1c8356ab08a057099b7b059a293a139125d1ad7e07fbc7181bbb
127,unknown,Ministral 3 8B,run_127__unknown__ministral_3_8b.md,3495,e9925edc898a2a345aebb56b51b66cb443a874fe68a1cf1a73ce69d9f5ee3774
128,unknown,Ministral 3 8B,run_128__unknown__ministral_3_8b.md,3710,ef631ee90042a53e5ba9b7f7ab15eeb378159cfffb4d128ff95a8e23b31bfbdc
129,unknown,Mistral NeMo 12B,run_129__unknown__mistral_nemo_12b.md,1600,aec07eba8025f48588cc87d18a5d7a6a571779369be02281c2ed8253d722a007
130,unknown,Mistral NeMo 12B,run_130__unknown__mistral_nemo_12b.md,2403,6e3d7b6a975a0c0c0841d2bef253743d868d735d9a2039843ad40cd6cc9ec271
131,unknown,Mistral NeMo 12B,run_131__unknown__mistral_nemo_12b.md,2077,af07bf53df3e7c5ea64e3eff2af6c4797a6f135dad427f6786541b88458d625d
132,unknown,Mistral Small 3.2 24B Instruct,run_132__unknown__mistral_small_3_2_24b_instruct.md,2779,4036371c7e69e440c8200b65cd53c4e8bb1445b91c37a80da5d258e8d7c67952
133,unknown,NVIDIA Nemotron 3 Nano 30B-A3B,run_133__unknown__nvidia_nemotron_3_nano_30b_a3b.md,1646,e90fbd46f8a8f8eaca2aea9e42f0029ac18cf0b6182a695b567107ebb0f37e46
134,unknown,Qwen3 8B,run_134__unknown__qwen3_8b.md,151,9f1801636e2944d8c061627ddac09462f82a444b9745a27125f582f2952d0349
135,unknown,Qwen3.5 9B,run_135__unknown__qwen3_5_9b.md,3541,52182ea63b2ef69e335d9ae955b7c3bb459f721f94f9401fef960c19260d0ff6
136,unknown,Gemma 3 12B IT,run_136__unknown__gemma_3_12b_it.md,3798,4330fd626cde70ea953f84cf5f1243c5467b3066bd29f0c761baeeaa1a24df59
137,unknown,Gemma 3 12B IT,run_137__unknown__gemma_3_12b_it.md,3365,78aceeba73b610e3bc64c199f9f3934d0b1fbf7db33dfc42af41eb9b7a8667ef
138,unknown,Gemma 3 12B IT,run_138__unknown__gemma_3_12b_it.md,3744,36a87cf02362a0e798193f8082da6ed5f7d25ca058cdcfcd0196e79674604166
139,unknown,Gemma 3 27B IT,run_139__unknown__gemma_3_27b_it.md,2695,053062950dc3312e485959aff88e9dbb024fecdea7139a02c34eaaddc6d7ce1e
140,unknown,Gemma 4 31B IT,run_140__unknown__gemma_4_31b_it.md,2966,0df9ff7a90c3cab908a3933613706b50c82875286c15ab1803d5aa1b67ac4f5b
141,unknown,Granite 4.1 8B,run_141__unknown__granite_4_1_8b.md,3392,f303dff9ae5641700c67b7db30019d9dbd2198693b73667035ddc5e508faa09e
142,unknown,Granite 4.1 8B,run_142__unknown__granite_4_1_8b.md,3838,b53b57e6f5c8adefe1f51e25b212c47b84bc17a5083e25e66e5d2227e2490a79
143,unknown,Granite 4.1 8B,run_143__unknown__granite_4_1_8b.md,3516,3f5cbc7451ae7e6af3883e9e0b92167573848081ce5bb09a42d7c33a8f1581d1
144,unknown,Llama 3.1 8B Instruct,run_144__unknown__llama_3_1_8b_instruct.md,28071,90eac10930229bbb87048a298d45955a76115a33f5ff4097330901c926b28177
145,unknown,Llama 3.1 8B Instruct,run_145__unknown__llama_3_1_8b_instruct.md,2738,dec3aaa54f970dc3d8bab82dbde32a4dd1e9f2697546425869121fbb3d1101f6
146,unknown,Llama 3.1 8B Instruct,run_146__unknown__llama_3_1_8b_instruct.md,2898,a4923c834e754222cf1d751f2ed7ec5e71b210828a97e0f802c0f13f8d418ffe
147,unknown,Ministral 3 8B,run_147__unknown__ministral_3_8b.md,3279,a0f79f68fdd302d0b3d66400dbcf41450ac39dec0473594e1e3abe58027617e0
148,unknown,Ministral 3 8B,run_148__unknown__ministral_3_8b.md,5004,303231b5a945af1c532473f57718b04a7e6c3d8f3585d1fccf8b685ae051410b
149,unknown,Ministral 3 8B,run_149__unknown__ministral_3_8b.md,4236,6735280abea2b2843c545515fb0a2b240d49c1a63621f81e36a7782acb604cfa
150,unknown,Mistral NeMo 12B,run_150__unknown__mistral_nemo_12b.md,1741,0a47cacbb5d4ccb9b8bdf56140cadacfbcb2fe77679e285442945bbea9bfce09
151,unknown,Mistral NeMo 12B,run_151__unknown__mistral_nemo_12b.md,1889,c65e168109569f4b2ef08c6edfdabbf213a59862fbe1930c28b34e6c1ecb907c
152,unknown,Mistral NeMo 12B,run_152__unknown__mistral_nemo_12b.md,1727,70551046ca3ae8714527867f2d15abcddd0755056c29e5a2691edb7b49e0907c
153,unknown,Mistral Small 3.2 24B Instruct,run_153__unknown__mistral_small_3_2_24b_instruct.md,3512,8d6bbc02afe67be0ec824580b8099f900c4eb0b02af286edfb4bf226b2d14151
154,unknown,NVIDIA Nemotron 3 Nano 30B-A3B,run_154__unknown__nvidia_nemotron_3_nano_30b_a3b.md,29503,0b242e43b614ec689621311e3b14b857c8ae63689695d8815d064f427caf4fa1
155,unknown,Qwen3 8B,run_155__unknown__qwen3_8b.md,138,b9cd5e4991b6febc0597e64c8b4cbdca8428f2e8e3e44fe7f536bc746e39355d
156,unknown,Qwen3.5 9B,run_156__unknown__qwen3_5_9b.md,7572,f5e830bffbc426aa937b956efd03da687135f4da6d803ab0c30c95e3cc493880
157,unknown,Gemma 3 12B IT,run_157__unknown__gemma_3_12b_it.md,3120,e28b18345f3af722552f33a56f9fa9e4d67d02f9677ac80bbcabd67dbba24862
158,unknown,Gemma 3 12B IT,run_158__unknown__gemma_3_12b_it.md,2778,b8d0912f39b04d08a11756e8d70d268e1d616f8209794c937abb8cd3f15e85a2
159,unknown,Gemma 3 12B IT,run_159__unknown__gemma_3_12b_it.md,3051,2c505f845d470312e234b924ffd4d21a34803046f5b2acd5fba187f27c8892a4
160,unknown,Gemma 3 27B IT,run_160__unknown__gemma_3_27b_it.md,3077,d8429a0c2c94de972f64b8a4c6f934ebb1c7d6ce148fec8b8bef55bd57284040
161,unknown,Gemma 4 31B IT,run_161__unknown__gemma_4_31b_it.md,2110,87c53e946dc86c4444c7935165d5a1a296a328244d365d280f5a04dd7898c454
162,unknown,Granite 4.1 8B,run_162__unknown__granite_4_1_8b.md,2014,78fcaccb7f3cbb01dc720670ad81e7402e62b58deea9f9a8270e370a14d6acd4
163,unknown,Granite 4.1 8B,run_163__unknown__granite_4_1_8b.md,2160,7e1d33863f3e1b07df8c996b95231ab5b725cc1b20b2e4f237d34914fef3d09d
164,unknown,Llama 3.1 8B Instruct,run_164__unknown__llama_3_1_8b_instruct.md,2570,eec71eae407c1b641094820950b56dc9edd7eff68bb2954ec3f93e3d6ac3d509
165,unknown,Llama 3.1 8B Instruct,run_165__unknown__llama_3_1_8b_instruct.md,2652,1e7bf2dd4d178fcdf9a8ad114508150c4364516b7ec5a708e3b9feb54d953055
166,unknown,Llama 3.1 8B Instruct,run_166__unknown__llama_3_1_8b_instruct.md,3397,770dab877cd61d42b89412e5f93dec43a4aede203bacb363d213443120999f02
167,unknown,Ministral 3 8B,run_167__unknown__ministral_3_8b.md,2990,9557417490457e537643c580bf9ba5053d72b153c2653e122fb3e3b8de784299
168,unknown,Ministral 3 8B,run_168__unknown__ministral_3_8b.md,2960,1fd664204796c0926a3fd4b8902294cee47913734a5f1a008b3ff25bce36fa76
169,unknown,Ministral 3 8B,run_169__unknown__ministral_3_8b.md,2758,76f455f5ec120da41956cae32a14c255dd63eac264d05359581807906fa44641
170,unknown,Mistral NeMo 12B,run_170__unknown__mistral_nemo_12b.md,1489,f4718665af796aa3356b81f049beabd3bf9f279f2ac66090720966a87450af4f
171,unknown,Mistral NeMo 12B,run_171__unknown__mistral_nemo_12b.md,1745,2cb96817ee25129c6176c5501b7a12325d3bd5b8b43b9994aeba0e6b72ca834e
172,unknown,Mistral NeMo 12B,run_172__unknown__mistral_nemo_12b.md,2028,2521d5c0ce5db4b1f2324ca82845ed7388fa5bcffc1c511129e0183064bf41d6
173,unknown,Mistral Small 3.2 24B Instruct,run_173__unknown__mistral_small_3_2_24b_instruct.md,2763,13bc7afb25da2b551f5d6cb9d42c997850c158c31feb8dc36f3cc611540cd6c9
174,unknown,NVIDIA Nemotron 3 Nano 30B-A3B,run_174__unknown__nvidia_nemotron_3_nano_30b_a3b.md,1806,d0119712a1aecc9e3d056eb82d864ea39e41e42b4edb2954215cee704acb08ae
175,unknown,Qwen3 8B,run_175__unknown__qwen3_8b.md,184,20f50fbbf342a9f187c74d5be0f3bf33dfe6f80e139ce1f0110d0d17dec97462
176,unknown,Gemma 3 12B IT,run_176__unknown__gemma_3_12b_it.md,3618,f5efce8d163a71aff16a098f3600f4b765c21e445179f7fbf6f42c896d6f7161
177,unknown,Gemma 3 12B IT,run_177__unknown__gemma_3_12b_it.md,3615,ffb99fcb987fb20bda128970baa27b53592645b225532771f75fef7ca42cd66b
178,unknown,Gemma 3 12B IT,run_178__unknown__gemma_3_12b_it.md,3805,4354d822a29056f89afeae8d2119b290f9e8092bbfccb39b6aac13239e1bbc1d
179,unknown,Gemma 3 27B IT,run_179__unknown__gemma_3_27b_it.md,3348,c75e6b7c55d78a3ae39456311a7bd7b9b07363cb628e87925dc0147842e48e79
180,unknown,Gemma 4 31B IT,run_180__unknown__gemma_4_31b_it.md,3774,bf194fe21b893173385379b00de54dc657a6d7c60843bd3456e1ced5eb5b9671
181,unknown,Granite 4.1 8B,run_181__unknown__granite_4_1_8b.md,8590,23da5ce029b4b73b542f3f78f26acbb39bd9b955059eab0d423b517e51f47141
182,unknown,Granite 4.1 8B,run_182__unknown__granite_4_1_8b.md,5695,62be35975b5c1b147cd7bb624950a163d2b5e700473d2a9da03a14826b765197
183,unknown,Granite 4.1 8B,run_183__unknown__granite_4_1_8b.md,3431,f947ee8efc1a6819217b4e874633d4a76840815193ad7402608c067ec3178605
184,unknown,Llama 3.1 8B Instruct,run_184__unknown__llama_3_1_8b_instruct.md,3793,0ce53ef3a6868e44d64272bbdf46d6436a52522c9dd9836666e95b518cc8b718
185,unknown,Llama 3.1 8B Instruct,run_185__unknown__llama_3_1_8b_instruct.md,24938,454846321903afe019167ea03b7f6dc18ecb4203fe8e4b0b0facd18510b8e20f
186,unknown,Llama 3.1 8B Instruct,run_186__unknown__llama_3_1_8b_instruct.md,3418,abdb7af1ad2df3cbc893130ec281210f5d0da19d9d96ab83e9b1d15610af8da4
187,unknown,Ministral 3 8B,run_187__unknown__ministral_3_8b.md,28413,f6a1496cc35be604bf6c38ae8784813fce088f9e8309a75f5eff67c8eee80b4c
188,unknown,Ministral 3 8B,run_188__unknown__ministral_3_8b.md,23990,5319b215f7bad272d40e3706eb0987a1fe19c487e04fa89f5ab0c3b35fd825f3
189,unknown,Ministral 3 8B,run_189__unknown__ministral_3_8b.md,11195,a784ad0556c79d393c80e16b1cc66ad8228714d81d7b55edf8fc261b1722a6cd
190,unknown,Mistral NeMo 12B,run_190__unknown__mistral_nemo_12b.md,2388,b7cbbb61393092360a60a9f855ddf9e75e6e88bb9c4096090d2932d1234d2543
191,unknown,Mistral NeMo 12B,run_191__unknown__mistral_nemo_12b.md,2455,65f79b2a676eefb4a43ee6b4c02276fa48a3c1971c3183ffd985340788140881
192,unknown,Mistral NeMo 12B,run_192__unknown__mistral_nemo_12b.md,2647,8208ae5ddfdabe9c4c8db9ea9fb488bb137c92123e2ed7c27fd88da2633e59f9
193,unknown,Mistral Small 3.2 24B Instruct,run_193__unknown__mistral_small_3_2_24b_instruct.md,3241,d45e8ddbc99ca43c698b639ee0da7de0b13a05549bb5d6bea67079cdcb70b55d
194,unknown,NVIDIA Nemotron 3 Nano 30B-A3B,run_194__unknown__nvidia_nemotron_3_nano_30b_a3b.md,2044,029c65434816ad567ac24f70da8dc582913487e1f611b0985ef5bf67a460531a
195,unknown,Qwen3 8B,run_195__unknown__qwen3_8b.md,188,cada51534478264516531accd25ae5704699102ecceb7c3e4f0eddb5c1c1bb4e
196,unknown,Gemma 3 12B IT,run_196__unknown__gemma_3_12b_it.md,4855,fc07ba41515513eaae5ac6c6d08cb1f81d07ca4238cdc98058153c49a17af150
197,unknown,Gemma 3 12B IT,run_197__unknown__gemma_3_12b_it.md,3828,d1ae59a7aec1f477473be6c9ecbcb33951162bda7aa626b537b44e01e4628953
198,unknown,Gemma 3 12B IT,run_198__unknown__gemma_3_12b_it.md,3783,207450a96261ff83ebf6e287c4717d2233125f7a48937302fdc37fc82fe246b5
199,unknown,Gemma 3 27B IT,run_199__unknown__gemma_3_27b_it.md,4235,61f4c39d2e17613d30652f01a2bc0ef4e34edd839566f947697c1114c4137534
200,unknown,Gemma 4 31B IT,run_200__unknown__gemma_4_31b_it.md,3274,f4996675dfea943433a4d02d86c57a796aa001937d7e5ea0b5cf46c4f5d65212
201,unknown,Granite 4.1 8B,run_201__unknown__granite_4_1_8b.md,4098,d027eae1b8770819144c2ac742e5a70a841759f83dd9ad36e1540ba659217aca
202,unknown,Granite 4.1 8B,run_202__unknown__granite_4_1_8b.md,4403,c37093fa484770c171fa736d909a56ec472410d75bcdde8ba42363d127050cec
203,unknown,Granite 4.1 8B,run_203__unknown__granite_4_1_8b.md,4225,eba1d61677c464170ade4ff6c175596d67e64dee7060e9e17bbe777260be21a2
204,unknown,Llama 3.1 8B Instruct,run_204__unknown__llama_3_1_8b_instruct.md,25961,d1478bf26955a861df4534d826a9aa3d41f50f1c33ca2b850a02249e3443f907
205,unknown,Llama 3.1 8B Instruct,run_205__unknown__llama_3_1_8b_instruct.md,3414,446a3322da3609912551e0f42ddb262bac53591a17a52c23bec9b16e6779f228
206,unknown,Llama 3.1 8B Instruct,run_206__unknown__llama_3_1_8b_instruct.md,3061,f409a9f3a5161aa3ebbe2ebe09238040b90ef4c89e705350e6f266a54f3519e2
207,unknown,Ministral 3 8B,run_207__unknown__ministral_3_8b.md,6449,404d258e3807c66d210a183de8dfc1dcf2e38bd41953594f1ab49993a05d0406
208,unknown,Ministral 3 8B,run_208__unknown__ministral_3_8b.md,5114,4e109e5a55be092537d9f9f79ba2ba147f85ba1271d111ffe1a14a6947aa8091
209,unknown,Ministral 3 8B,run_209__unknown__ministral_3_8b.md,5212,1d50f21230c18d917f3dd98801853d918be03342e3cc4a57baa618936fea98c5
210,unknown,Mistral NeMo 12B,run_210__unknown__mistral_nemo_12b.md,2619,5c711b96232d83e2b1ab4291d74df013ef504ce8e35a6f960ef45bd11f4a04c0
211,unknown,Mistral NeMo 12B,run_211__unknown__mistral_nemo_12b.md,2832,123b89a6c03039e3ec8c3807ae7f2af2f658314288650608129e5358da6f24fb
212,unknown,Mistral NeMo 12B,run_212__unknown__mistral_nemo_12b.md,2349,616660476c8090dad63df2089e2067d1473ab350252f7b5e0d7db6e8e7575020
213,unknown,Mistral Small 3.2 24B Instruct,run_213__unknown__mistral_small_3_2_24b_instruct.md,3652,c986c824babf7f7919679a6fc2ef43a50909ce6bd631169f4931edaecf2d623d
214,unknown,NVIDIA Nemotron 3 Nano 30B-A3B,run_214__unknown__nvidia_nemotron_3_nano_30b_a3b.md,32394,82c8eaf19fa68122627cb49bc691966fbf8df58a6d8c9d32ac235a4cc7a409b7
215,unknown,Qwen3 8B,run_215__unknown__qwen3_8b.md,161,c9a3391af55f13cebc2962e5ec03dfd42a90f94ae1ffc5156844e938ddb2e270
216,unknown,Qwen3.5 9B,run_216__unknown__qwen3_5_9b.md,6052,08c97ec798d97c7cba507435244e2c29ff7c813641ef56bd24802a7be697b5c3
217,unknown,Gemma 3 12B IT,run_217__unknown__gemma_3_12b_it.md,3102,26bed5c5fda36a0042a8a6b2874d556ffac33af19cddd2e1e561536f719cf780
218,unknown,Gemma 3 12B IT,run_218__unknown__gemma_3_12b_it.md,3464,0d610daaf8911ec6fa77b2d5b7a63fbef057bee115cd98ff037f937956bd6668
219,unknown,Gemma 3 12B IT,run_219__unknown__gemma_3_12b_it.md,3189,f821d3ff099b8febe6a4bef3303fed123a0dbf791e82fecfc8039fe786f88653
220,unknown,Gemma 3 27B IT,run_220__unknown__gemma_3_27b_it.md,2965,5b45dc30aa59772a7686d05c5bb0afe942ba3785a024f4904e2bf2d346a9b2d0
221,unknown,Gemma 4 31B IT,run_221__unknown__gemma_4_31b_it.md,2923,adc260d24033ff4203f0cd2f08177e02d42cea7d9367beaf3835447dc9f789dd
222,unknown,Granite 4.1 8B,run_222__unknown__granite_4_1_8b.md,3878,969870e0d1ecd8784f1d885edaf6284cc05b5d2ac4d76f45c297ac7df3228803
223,unknown,Granite 4.1 8B,run_223__unknown__granite_4_1_8b.md,4588,7795cad5aa2d5be20f80ba7d23a5ac58fa5797514f954ec9e83a3a2bd3e62b5d
224,unknown,Granite 4.1 8B,run_224__unknown__granite_4_1_8b.md,4518,0f80821d35e956d5c0d42c89f60366bf3b146ab8cb69a40de4012afab159a9eb
225,unknown,Llama 3.1 8B Instruct,run_225__unknown__llama_3_1_8b_instruct.md,2471,8e283804ea0943a328ed93149be31771c13bdc1cb0e573018dcd5fd788647e92
226,unknown,Llama 3.1 8B Instruct,run_226__unknown__llama_3_1_8b_instruct.md,54864,90e9bca504b240bb8984a38fe82d9851b39374c7c84e0b884bc8dcf888be9cf1
227,unknown,Llama 3.1 8B Instruct,run_227__unknown__llama_3_1_8b_instruct.md,2177,856bdbda896bfb06342d9033e1eb5e2765437ea2926802c8c65a8895999054ed
228,unknown,Ministral 3 8B,run_228__unknown__ministral_3_8b.md,4488,513578916229e368b0ddec878b249aba6dbfe1f6067554a0a1b866efa2aa9cd0
229,unknown,Ministral 3 8B,run_229__unknown__ministral_3_8b.md,3910,ab3fefa0f19184db4cc8221b83592a251c48faa6168b936188724d21821f9110
230,unknown,Ministral 3 8B,run_230__unknown__ministral_3_8b.md,3141,4c2fd11741a099f21b8f17641027c95d234f95ce90b0277674f4d78b18bffb1e
231,unknown,Mistral NeMo 12B,run_231__unknown__mistral_nemo_12b.md,1788,90bfa0ec4e9ed50c7bde8a49cd491e4fb3cbdc94328aa8981b75b560cba20340
232,unknown,Mistral NeMo 12B,run_232__unknown__mistral_nemo_12b.md,2241,a4c6c15259cb0ef1388d6e5495b1d21954b0e2e203c33cc5955df38a3d39136d
233,unknown,Mistral NeMo 12B,run_233__unknown__mistral_nemo_12b.md,2002,d4789aba241e780133357fe14df5d775b2cef402a609dd041f3d193eaf489f57
234,unknown,Mistral Small 3.2 24B Instruct,run_234__unknown__mistral_small_3_2_24b_instruct.md,2830,2cf0261c7f725f246b66ab45ce3eb87ee997dbf8b5e275400798ad081b0f183a
235,unknown,NVIDIA Nemotron 3 Nano 30B-A3B,run_235__unknown__nvidia_nemotron_3_nano_30b_a3b.md,29048,e35295a765e9c052d618bdda2298999152d58e1374ee2cb7562b50820113055f
236,unknown,Qwen3 8B,run_236__unknown__qwen3_8b.md,127,2236b1c1c15d58e30810f9ea02f5e747c8c69fc133efc2a1c5f5e31317ccfcc1
237,unknown,Qwen3.5 9B,run_237__unknown__qwen3_5_9b.md,3601,0b706c6673313177dda80388cb98d5829236dd7ab3ae58c62a3684a69a3f67ef
238,unknown,Gemma 3 12B IT,run_238__unknown__gemma_3_12b_it.md,3570,864d90dd53282cf11a6516c8b713de6ad9a5986923fd2faa6bc565f8eaf3a06c
239,unknown,Gemma 3 12B IT,run_239__unknown__gemma_3_12b_it.md,4761,b014f52b5587e77046a1ae14e34864a9447ae49070648d626ddef85c2ff3b5ce
240,unknown,Gemma 3 12B IT,run_240__unknown__gemma_3_12b_it.md,4172,25d7001b445c4885b9b42f3cb0f1455b3d33a802b6712b48e8af88b0f218e485
241,unknown,Gemma 3 27B IT,run_241__unknown__gemma_3_27b_it.md,2606,8f932d3a0488d4ee7d9cdd06f1449fc584ee43d8db8379244a54e27ddecb9bb1
242,unknown,Gemma 4 31B IT,run_242__unknown__gemma_4_31b_it.md,2654,cd583e8a943a2fd1ba3ac6c06c1aa503d6d6c95bf591762fcedb7d2330790fa5
243,unknown,Granite 4.1 8B,run_243__unknown__granite_4_1_8b.md,3598,be53c5ef1303140c82444e56d3c595ddf4fc5d31f24ac43dbab591ee03257bf1
244,unknown,Granite 4.1 8B,run_244__unknown__granite_4_1_8b.md,7229,37e73b2ed04ac528ba3d6d5689362292074946e9dac125c25ae0754b4939b980
245,unknown,Granite 4.1 8B,run_245__unknown__granite_4_1_8b.md,4194,d5484e8206443a108d757fb0d41132963871201526aecb6af21ca7a5b207e95b
246,unknown,Llama 3.1 8B Instruct,run_246__unknown__llama_3_1_8b_instruct.md,2988,b68d89b6d8e42c69fd02381b1f2486978b3dd2e5d1227953b2267317564154d0
247,unknown,Llama 3.1 8B Instruct,run_247__unknown__llama_3_1_8b_instruct.md,2691,999bf2a40f62be314e6533a87ac60db5cb5976f7309616053af0ed12b7bd0a4f
248,unknown,Llama 3.1 8B Instruct,run_248__unknown__llama_3_1_8b_instruct.md,2483,bcfa2eadf1ba184f5e8fccf45f6e140cc7255f990e65e050f35a2951f9ed8575
249,unknown,Ministral 3 8B,run_249__unknown__ministral_3_8b.md,5676,67aeefa90e2bbd2feea630125d11d2be81f6f3d120b62dbee96f70b5d794fd5f
250,unknown,Ministral 3 8B,run_250__unknown__ministral_3_8b.md,5220,a16891d7c85fcb9d8fad655dddb6514dc081aa6576290264eab4c7e8412d082a
251,unknown,Ministral 3 8B,run_251__unknown__ministral_3_8b.md,4374,baef170b3e71a238cfd04e87e58b9df1eea8ea2d8ee2a450c9f966f480d10ea6
252,unknown,Mistral NeMo 12B,run_252__unknown__mistral_nemo_12b.md,2932,d8ebcbaf75902b47ed3b3a2637f9878289fc074e5c2ebee7b0a1b98d2a9b9b59
253,unknown,Mistral NeMo 12B,run_253__unknown__mistral_nemo_12b.md,2543,f4fb482b9dbe13dc054c4cdee9cbd24c25b7bc8f2f9c12c802073f47545ebf7d
254,unknown,Mistral NeMo 12B,run_254__unknown__mistral_nemo_12b.md,2525,df08806dd89769bfd2117c5db9aad10a8935a265f7153450fc4a101626c94ab8
255,unknown,Mistral Small 3.2 24B Instruct,run_255__unknown__mistral_small_3_2_24b_instruct.md,2849,1546f08bfd6185b6d0516d9f1db93dfea648f864c8719f384e063f43000b3022
256,unknown,NVIDIA Nemotron 3 Nano 30B-A3B,run_256__unknown__nvidia_nemotron_3_nano_30b_a3b.md,913,64e0c7b68ec6c7d4d33655d8fb0bc9400cd3dde8da51ed354357f47b671cfff6
257,unknown,Qwen3 8B,run_257__unknown__qwen3_8b.md,166,9f48b0b633a49745ef4928090c13e498c8c442d0ad0eb715987cc1d93b2225aa
258,unknown,Qwen3.5 9B,run_258__unknown__qwen3_5_9b.md,3649,99916a14575f4fa458bfb8860af24f467c8681c22bbb8693d6eae04c413cc705
259,unknown,DeepSeek Reasoner,run_259__unknown__deepseek_reasoner.md,2717,2b1f4082b1bccfb9c4f1095c11dbfdd4823d390ee405c940123e9e063a60f6ac
260,unknown,Gemini 2.5 Pro,run_260__unknown__gemini_2_5_pro.md,6936,4a810caa0dfc9155073402e5c1266f1b2de2e98181eff1a50b74fed6986b1099
261,unknown,Gemma 3 12B IT,run_261__unknown__gemma_3_12b_it.md,4703,ee5bf45c266700c8467afa4e2668565e75a8089b243a984c314b4d5075227979
262,unknown,Gemma 3 12B IT,run_262__unknown__gemma_3_12b_it.md,4515,7cf5f3f8d09be5bcda1167f27dd18e458cba7e8efadc91faf42f2d6dbd1113f6
263,unknown,Llama 3.3 70B Instruct,run_263__unknown__llama_3_3_70b_instruct.md,3536,29852c85702db19f181a704151fbd7fe6a636d2583f9aedfacac0b2cacc68473
264,unknown,Mistral Medium 3.5,run_264__unknown__mistral_medium_3_5.md,8599,6658fe5e78f004a0b2d13f10755af630d3ec34b19b0cfc42e25a3753ef426224
265,unknown,Mistral NeMo 12B,run_265__unknown__mistral_nemo_12b.md,1463,4493a93de4498e20b0819db52dbe214c4f938dccb0c7fe632bea58a4e7eff3ed
266,unknown,Mistral NeMo 12B,run_266__unknown__mistral_nemo_12b.md,2100,f1ec2c74bda09b936da8958739c1d713a30f140d5b8aa4e99b2d6ef7f1a2373a
267,unknown,DeepSeek Reasoner,run_267__unknown__deepseek_reasoner.md,3534,d2e3e64c0cd7cbd2e219c027d492f7dea57d796232cecf60386d71494d6222b9
268,unknown,Gemini 2.5 Pro,run_268__unknown__gemini_2_5_pro.md,7335,367c0be5d8436d7d58cab941d7ed10dd45b71b5e6cc291b7bb6e512f2623d99a
269,unknown,Gemini 2.5 Pro,run_269__unknown__gemini_2_5_pro.md,8073,21c731d3aaf443e9ba9f40a7b9b8d130d1501258d1a667c9a0919370cc1c8ad7
270,unknown,Llama 3.3 70B Instruct,run_270__unknown__llama_3_3_70b_instruct.md,4240,781b8643bf0e619022ddc4c9b40ca5c3644d9c972c5cca53e78a06966386c7cd
271,unknown,Llama 3.3 70B Instruct,run_271__unknown__llama_3_3_70b_instruct.md,6988,9ff06921473a56d457ca9266ca8c6a60ff92e67a247ad1d1a0b7f29095c57725
272,unknown,Llama 3.3 70B Instruct,run_272__unknown__llama_3_3_70b_instruct.md,4160,a826d9bcbb24093c38b39f9261f520a45adeb658788a668431b8e556f8df4a00
273,unknown,Mistral Medium 3.5,run_273__unknown__mistral_medium_3_5.md,22248,05f8446c741a06b5f326c7fb318d3239e1b3dc9d982471a0a9b637fd788c43ce
274,unknown,Mistral Medium 3.5,run_274__unknown__mistral_medium_3_5.md,12733,1cf081d5d6ecfd2ca0adb4e3a6f282e171079042f398222367bb32081094d4ad
275,unknown,Mistral Medium 3.5,run_275__unknown__mistral_medium_3_5.md,19099,9762bceec8c67cc435ca9a56e267b4f7a310e98f538994d1ff5710c4d8c74aa2
276,unknown,Gemma 3 12B IT,run_276__unknown__gemma_3_12b_it.md,3724,d3389209d7df7dbf987ecaad830ff6e6844bc01fd89fd76f7cf86602ab12e593
277,unknown,Gemma 3 12B IT,run_277__unknown__gemma_3_12b_it.md,3911,cc5a6214fa93f8791b29a3b11e140d54d0ae1414325594077e89dfb38396719f
278,unknown,Gemma 3 12B IT,run_278__unknown__gemma_3_12b_it.md,3557,f1aa4a8d9492b12c02fff09608b79286ba2ad8297fc3ed58585cf9dd8b8c37bc
279,unknown,Gemma 3 27B IT,run_279__unknown__gemma_3_27b_it.md,3655,319f95b0237b6acec6ec9a7bfbc5b256c011c23e9af4197eb24f62096751eb45
280,unknown,Gemma 4 31B IT,run_280__unknown__gemma_4_31b_it.md,3047,d0c241e40a55c58a7ea6cbbbb3bdb194f2ddb4b97f533da775e85a17adfae401
281,unknown,Granite 4.1 8B,run_281__unknown__granite_4_1_8b.md,4855,207195c0ceb7ae43a244b038c680ec28b943fe88796912aded4287bf81dc2a03
282,unknown,Granite 4.1 8B,run_282__unknown__granite_4_1_8b.md,3822,2e5436650f43f11618bef8c298833ac856d335e5d46a8e43f7baaa7a90f8b86f
283,unknown,Granite 4.1 8B,run_283__unknown__granite_4_1_8b.md,4486,9ae7921717a6c935a2f2bccf7870243176aa39360f63eed41a1c1d3f0a5f4283
284,unknown,Llama 3.1 8B Instruct,run_284__unknown__llama_3_1_8b_instruct.md,3038,5b453f7360ed6b579cb3393fa032f3203da1e7b867e00ba10968a484348769e3
285,unknown,Llama 3.1 8B Instruct,run_285__unknown__llama_3_1_8b_instruct.md,3000,2b70e436e6d03793daf47819300f4819235d31506474622cd6d04584e7d4b6c7
286,unknown,Llama 3.1 8B Instruct,run_286__unknown__llama_3_1_8b_instruct.md,27129,baf6561f094ada7c1c984b142a17ffd09136ae4f0f8232d54c1ee4e95479e33b
287,unknown,Ministral 3 8B,run_287__unknown__ministral_3_8b.md,6307,7a1dd2bfe242e26bedfe8f1914455b60a490d5c981fa1e32caf47c1de1d1eeed
288,unknown,Ministral 3 8B,run_288__unknown__ministral_3_8b.md,4627,294d5fa98ac5743bee5d678b1fe18f6590390e74f3383e65d1f906844ddeed1c
289,unknown,Ministral 3 8B,run_289__unknown__ministral_3_8b.md,3957,3bff0f415374f644828b1c1d55e1064b198321405ef62c9f5a4315221c3dad36
290,unknown,Mistral NeMo 12B,run_290__unknown__mistral_nemo_12b.md,2655,3bd9ab592ddee8c87aa4a574078fe798c96dcd5b487e6736d1aab13dfbc2e498
291,unknown,Mistral NeMo 12B,run_291__unknown__mistral_nemo_12b.md,2491,6cca2ff55c3ac0417a0bf14c65f80838afe0c18702b5f24a7220b389e76f9705
292,unknown,Mistral NeMo 12B,run_292__unknown__mistral_nemo_12b.md,2522,40feca1bd9cd63362f0161ad3e24919f5d3ef6cba8f7767b7e9ba2e04a202b59
293,unknown,Mistral Small 3.2 24B Instruct,run_293__unknown__mistral_small_3_2_24b_instruct.md,4129,59a0b70f454888da444f898c07ae7cd1a3a8bcd67d52f5ac73bfe94f260cd4c2
294,unknown,NVIDIA Nemotron 3 Nano 30B-A3B,run_294__unknown__nvidia_nemotron_3_nano_30b_a3b.md,2098,904c5d5c7b879194cdd80d8533fb6b35d865c0f992e508160374f1611a574974
295,unknown,Qwen3 8B,run_295__unknown__qwen3_8b.md,158,4933192c06bbc36fde6434eedb2be9c45516faccd1795cafb3ab64e065b992f9
296,unknown,Qwen3.5 9B,run_296__unknown__qwen3_5_9b.md,4581,822c2b1a874d0ca284cd733e3fe2f60a47359254572e49f06f1497e93b29a5ac
297,unknown,Gemma 3 12B IT,run_297__unknown__gemma_3_12b_it.md,2929,558433921f0fb6efeacb0a66053b71db18ba6885c40a5592942ee73c73ea73d1
298,unknown,Gemma 3 12B IT,run_298__unknown__gemma_3_12b_it.md,2874,400d00eb256a3bcc127659db1a6e800bea12aa0dae5dc669e8061e87091aedae
299,unknown,Gemma 3 12B IT,run_299__unknown__gemma_3_12b_it.md,2698,f7c7cb2d7fbb009dd9ee5d3e1475f2813a2b334f2ad429b51ca0a316f9d91005
300,unknown,Gemma 3 27B IT,run_300__unknown__gemma_3_27b_it.md,2172,8d1b9774f3e88549fcfc66aa5d9eea84fcc92a42a4937fe83a80b24a389aa10f
301,unknown,Gemma 4 31B IT,run_301__unknown__gemma_4_31b_it.md,2548,a2ef06190c13685c237326613c1f38ad3a609aee0d9d5e5c7bd2b6ffae9a4dcf
302,unknown,Granite 4.1 8B,run_302__unknown__granite_4_1_8b.md,1984,cf1e956fe007ccbc5e0bf2bb15f57c154824b0d3904148e7314aabb9db43328e
303,unknown,Granite 4.1 8B,run_303__unknown__granite_4_1_8b.md,2216,f31ff12cc2a045d5e3dcb8862431fd0d1f3a4002e0b8fff6305165fcc7b45dcd
304,unknown,Granite 4.1 8B,run_304__unknown__granite_4_1_8b.md,1882,59079598bb95eb10378c9e9c26bd8e15f57c473e6fa9a6c6d0d01a45dd459832
305,unknown,Llama 3.1 8B Instruct,run_305__unknown__llama_3_1_8b_instruct.md,1585,868fac56e48cae944b0d3a91824c3e06d4363b429329a63732ae888990be4342
306,unknown,Llama 3.1 8B Instruct,run_306__unknown__llama_3_1_8b_instruct.md,1729,3aabd2500f46070ec34ca62e04129b92dadddcb49b14898db5cfc3d309c9964b
307,unknown,Llama 3.1 8B Instruct,run_307__unknown__llama_3_1_8b_instruct.md,1653,3951b3ffc23e72315eb8b2294254d70468a5a7d5c0b1c7fec4c43d82bb0415e9
308,unknown,Ministral 3 8B,run_308__unknown__ministral_3_8b.md,3486,654f77dbc69167d77b611c591284030a0a56ee4b6e1c22ba8a463b12b9995c1f
309,unknown,Ministral 3 8B,run_309__unknown__ministral_3_8b.md,2718,e6bd74446e4a353638e5908d6de5a9d3da2f9800579ede29046f45e68a486083
310,unknown,Ministral 3 8B,run_310__unknown__ministral_3_8b.md,3706,92b1e94d4be4fd7f9be4b4c1e482f12f0d84cac47b5532668f6c477f44743e10
311,unknown,Mistral NeMo 12B,run_311__unknown__mistral_nemo_12b.md,1668,c8807a1aee5f2573584defbedfb4529194e411b9a12ed4ae67858debb6d07be2
312,unknown,Mistral NeMo 12B,run_312__unknown__mistral_nemo_12b.md,1280,764dfc018defa8aef34e71eb233d248b5c17391e24dbcc9d1529fb3d86a7000a
313,unknown,Mistral NeMo 12B,run_313__unknown__mistral_nemo_12b.md,1704,60dd5e61ff45ab6f2ccb3313f9a2c826bc05ea2f1ce4c4d5e31d6419efcd3f23
314,unknown,Mistral Small 3.2 24B Instruct,run_314__unknown__mistral_small_3_2_24b_instruct.md,1546,d69eff6e18ad08e85ca9e76893ccac06e0dc9aefa733c081923dd5f2c572369b
315,unknown,NVIDIA Nemotron 3 Nano 30B-A3B,run_315__unknown__nvidia_nemotron_3_nano_30b_a3b.md,27744,0b062cfad7d34baba3af912a6a5e0d6a32f57ea3251557ecc9c34272b97d1a40
316,unknown,Qwen3 8B,run_316__unknown__qwen3_8b.md,108,985627d1c4244bf41d99f461bb0e41d597afc8747f7a34bf2c83ab82f34d6d9c
317,unknown,Qwen3.5 9B,run_317__unknown__qwen3_5_9b.md,2828,68c09dfed2c70788e089a1e2204524435d0fa7bb19ad421294f43734b7ccf663
318,unknown,Gemma 3 12B IT,run_318__unknown__gemma_3_12b_it.md,4035,6ced94cff3e1d68ec436d6f11b0e411127034e9920bbb55aa9d3454debec4e19
319,unknown,Gemma 3 12B IT,run_319__unknown__gemma_3_12b_it.md,3700,73b80ee3833abd8a6d3e7a6ddf04f4baba193bd77e271ec78d134aebb47694a9
320,unknown,Gemma 3 12B IT,run_320__unknown__gemma_3_12b_it.md,4045,4aa8bef97acf9d12c5302929130f8074de618cb9a8624c639aa9836b4fcd41a2
321,unknown,Gemma 3 27B IT,run_321__unknown__gemma_3_27b_it.md,3299,a5a3b471297a8d5a3f99acb19a674cea2e82a289029682e0ea1c0d710f95b7f8
322,unknown,Gemma 4 31B IT,run_322__unknown__gemma_4_31b_it.md,2996,0a4141c5962358aeb8eedc4d9cc2deb5f8636d1b37a5439c306a1e71233e4bc4
323,unknown,Granite 4.1 8B,run_323__unknown__granite_4_1_8b.md,4345,904275d10b23d91c265393b652d0c40c5bbaaaec512b3dd8934977cb00b793c6
324,unknown,Granite 4.1 8B,run_324__unknown__granite_4_1_8b.md,4417,eb93626a322ff415d8c00e8c80a5b588bf63e4e854f4a1f75e34f91f099a5b96
325,unknown,Granite 4.1 8B,run_325__unknown__granite_4_1_8b.md,4090,3cc283a03bdd23413dd6d955273451a61ac6c4e51843d4727b0dcc1f89d026b0
326,unknown,Llama 3.1 8B Instruct,run_326__unknown__llama_3_1_8b_instruct.md,2465,9bd0d6b6eb37048ce3b258116587824c520404460a34693b03b5a285d2840144
327,unknown,Llama 3.1 8B Instruct,run_327__unknown__llama_3_1_8b_instruct.md,2890,809e82759d4ab528ae4cb6f47efc27c3af08be91066e1efc5e6ed98504f5100e
328,unknown,Llama 3.1 8B Instruct,run_328__unknown__llama_3_1_8b_instruct.md,2582,2a7739409be6c9736705720e947e449383af22e4e9b93027a8785e1bc069b894
329,unknown,Ministral 3 8B,run_329__unknown__ministral_3_8b.md,4233,fd56e4d30de4f6a38199bb3fc28470c73fe37d24f4567ec4361a626aa99e7fcb
330,unknown,Ministral 3 8B,run_330__unknown__ministral_3_8b.md,27731,a9a7207c247ff3ed3975cd90658d8a163a6e8989b2ec075e633d43e4ee446fd0
331,unknown,Ministral 3 8B,run_331__unknown__ministral_3_8b.md,6256,dd3d3b6109644e5e37cd671c5dc24a29041f6ad538748e3ff5004db0000d0126
332,unknown,Mistral NeMo 12B,run_332__unknown__mistral_nemo_12b.md,2016,277627dfe52fca74a3b6ef5e23ed28713f8883d03f3b2e95ededb12d0211dbe6
333,unknown,Mistral NeMo 12B,run_333__unknown__mistral_nemo_12b.md,2243,96a6de40584b1b478979b0a9ac2cc5417801cefb8cd5499a29ce36eeef9a0d28
334,unknown,Mistral NeMo 12B,run_334__unknown__mistral_nemo_12b.md,1853,28de0ce231c10f5e8357f8aa6976ba9d248a0e72920caba2c83617254dccb116
335,unknown,Mistral Small 3.2 24B Instruct,run_335__unknown__mistral_small_3_2_24b_instruct.md,3933,fc9703adb7afd16f9f1e8546efc43aaaaed996b04d1ca371899785a986ff59ce
336,unknown,NVIDIA Nemotron 3 Nano 30B-A3B,run_336__unknown__nvidia_nemotron_3_nano_30b_a3b.md,2864,46b58ba61998e4fb3f040df48baa32d629f17ab7288bef7229c0a467410a8ada
337,unknown,Qwen3 8B,run_337__unknown__qwen3_8b.md,108,5551b5ac26cb628161e3cab4177efa53de03002b113b59f3d817c9a94b1b5b36
338,unknown,Qwen3.5 9B,run_338__unknown__qwen3_5_9b.md,4180,fc33b2b456aa2713ee9d840dbb3bed61e2b09246fc395da43afd149180410302
339,unknown,Gemma 3 12B IT,run_339__unknown__gemma_3_12b_it.md,2793,b08b4ddffbbd63b730fda02b88350a72c7f255c2fa3acc1e9971d4e896f1953b
340,unknown,Gemma 3 12B IT,run_340__unknown__gemma_3_12b_it.md,2788,be87566599f02b5e2853d15d43c558f32d7bb7cf2fe4634879ccb8e649c44eb7
341,unknown,Gemma 3 12B IT,run_341__unknown__gemma_3_12b_it.md,2969,2cf92fb42cedc6d8a2cdbb5a1d577ffc1f08ac702926bd71ab46ca16bcca7dd4
342,unknown,Gemma 3 12B IT,run_342__unknown__gemma_3_12b_it.md,2758,29b812ca7cda3d6f86c611211878387ee1b2deee1a5c484aed26c14434ade968
343,unknown,Gemma 3 27B IT,run_343__unknown__gemma_3_27b_it.md,2945,9095cd3999bc2e107684cfdce370265df5b67797323153c988fe551700b74377
344,unknown,Gemma 4 31B IT,run_344__unknown__gemma_4_31b_it.md,2266,d2e28a8868ffc31aa56f0a32f0ee4deb2e4e159c44f9df96baadd906779cc01c
345,unknown,Granite 4.1 8B,run_345__unknown__granite_4_1_8b.md,2391,dfa88f739636629045ac24167b3062510b60243c219548cad65a75b9abcf1437
346,unknown,Granite 4.1 8B,run_346__unknown__granite_4_1_8b.md,2578,14144a7db3f5dabc6051e1f603bb89ebfa7e04210b27db828052f91dda6ae3d8
347,unknown,Granite 4.1 8B,run_347__unknown__granite_4_1_8b.md,2672,99e0037c833c4cf5186e1905087b9d65215cb768287db86adbf88598ef0c56b0
348,unknown,Granite 4.1 8B,run_348__unknown__granite_4_1_8b.md,2792,bfbcfe8d548a21ee9aa6fc4980c8087586f688dd39c2dc84a41a7f1c8feaba72
349,unknown,Llama 3.1 8B Instruct,run_349__unknown__llama_3_1_8b_instruct.md,2087,4b0ba4c5d47f7fa6de82bf0da6731a5080c9b4415c8201d7db115fea65cf100c
350,unknown,Llama 3.1 8B Instruct,run_350__unknown__llama_3_1_8b_instruct.md,2404,6eb955371a49e558d568676aa2407de31b1d63eec4a164672f31a6938d008188
351,unknown,Llama 3.1 8B Instruct,run_351__unknown__llama_3_1_8b_instruct.md,2298,1b443234a618151ec40fe328df771e2710307cd20fcfd0a053d572d2ee2e2613
352,unknown,Llama 3.1 8B Instruct,run_352__unknown__llama_3_1_8b_instruct.md,1973,af493d3fa9bfce930ebc7f51c489c07cc89a6ef38724e366489931fab988392e
353,unknown,Ministral 3 8B,run_353__unknown__ministral_3_8b.md,3153,dffddb21718ca07bd9b626149cc14398b9d013919686b0c7642237df405fedfa
354,unknown,Ministral 3 8B,run_354__unknown__ministral_3_8b.md,3392,9ae34691c17796ff151b1a1a7f6c2afff89b8001c4ec22db21597c4c39148591
355,unknown,Ministral 3 8B,run_355__unknown__ministral_3_8b.md,2836,4e2771ea8f8704f1543c0adc6152750e09042138b4d39ede0ddefc1d7db3fde6
356,unknown,Ministral 3 8B,run_356__unknown__ministral_3_8b.md,3689,1a46d49ff4a16cf676a3257505da251203cdacfe57d56f22f9f33ebc5e2e4402
357,unknown,Mistral NeMo 12B,run_357__unknown__mistral_nemo_12b.md,1742,803034066ab693587a3e9e746e3fea9beead91fc3791b7bf16db1570856c069d
358,unknown,Mistral NeMo 12B,run_358__unknown__mistral_nemo_12b.md,1882,4396bf4c8ce5e09e24610ddb4ff28d6cc69903496b91af77f86ef8067757297e
359,unknown,Mistral NeMo 12B,run_359__unknown__mistral_nemo_12b.md,2070,88c5f95430699f7c50ec65f9d0e4c14dc0107fa28f4fd8e169dde3fef5a23021
360,unknown,Mistral NeMo 12B,run_360__unknown__mistral_nemo_12b.md,1588,681b739dd1444bfb428aeea9120b3da41da2144d8d038a6d8e4c5a41ec95f71b
361,unknown,Mistral Small 3.2 24B Instruct,run_361__unknown__mistral_small_3_2_24b_instruct.md,2577,c0909a96d3912c0ee7b42ab2de11ec5922a23229a2718b18135b26b1c9aa96b3
362,unknown,NVIDIA Nemotron 3 Nano 30B-A3B,run_362__unknown__nvidia_nemotron_3_nano_30b_a3b.md,1999,c12e3286c2ceaeab99a48ee994b3d765d91858d38f5d18d1c71c07d53c39e581
363,unknown,Qwen3 8B,run_363__unknown__qwen3_8b.md,180,d63579c0dba4ba401b5eb6ab67d0d4831c99b9ef7efc94321338adf271463b3e
364,unknown,Qwen3 8B,run_364__unknown__qwen3_8b.md,466,6aaff111d3f76c4e529f7bf5c9cc1ea3563776b5423d05619bbd5ab1ffd56d93
365,unknown,Qwen3.5 9B,run_365__unknown__qwen3_5_9b.md,3659,643cc7ea48791083b4fe6f28b1f73cee2c98a80b63136b6832b1e96fef4ae9e7
366,unknown,Qwen3.5 9B,run_366__unknown__qwen3_5_9b.md,3030,3433934f73750d01f665096dc261993f2374b1701ea70291a6b22e58e783805a
367,unknown,Gemma 3 12B IT,run_367__unknown__gemma_3_12b_it.md,5933,c4bcf80afabdeea81474ef90f61c222e78e9e82792f8252d984296ef624b8278
368,unknown,Gemma 3 12B IT,run_368__unknown__gemma_3_12b_it.md,5265,c941bbad4ff9348e3ae7914c8e95ef30712f57331c06f3bc78f857faf04b97f5
369,unknown,Gemma 3 12B IT,run_369__unknown__gemma_3_12b_it.md,4179,0e2a5568c9840634b8328e0ed682f70639942fe7f70324d746106268fbcc89e8
370,unknown,Gemma 3 27B IT,run_370__unknown__gemma_3_27b_it.md,5401,4648d890cf3c01a59a93eec6d911e9270d3ce4019c41c38df39e76227ce85af2
371,unknown,Gemma 4 31B IT,run_371__unknown__gemma_4_31b_it.md,4207,dcc116201cf403922d822873536bee10e6bf00ee9977ab31c8d51fb47489d4cd
372,unknown,Granite 4.1 8B,run_372__unknown__granite_4_1_8b.md,3565,c30835d95aad7c95206e365a6303de881a60c45c4c499a855af2bbae768bc1cf
373,unknown,Granite 4.1 8B,run_373__unknown__granite_4_1_8b.md,4098,c54b76e42855ae63568f870129ed30b208bb88adc1a7551c98d7403f27ed96b7
374,unknown,Granite 4.1 8B,run_374__unknown__granite_4_1_8b.md,4688,b64aa08a3f973744e5b3cb2f9d4d5ef6eeba5e9c9351ea1527c1f4b1c866a1cc
375,unknown,Llama 3.1 8B Instruct,run_375__unknown__llama_3_1_8b_instruct.md,2656,152df57c382db632ae2743cf23d6adf3d24bad6c3ef040a887006c046d5d8e00
376,unknown,Llama 3.1 8B Instruct,run_376__unknown__llama_3_1_8b_instruct.md,2690,38197957e18d7260905a9ee3e0a26f9ad66f25a9187f7934ca6829fd5336f2dc
377,unknown,Llama 3.1 8B Instruct,run_377__unknown__llama_3_1_8b_instruct.md,2274,ca70ece838ba987e6dfa6c7d12e1bfb9269bfce4bafe604d8c9b29a95d7e7704
378,unknown,Ministral 3 8B,run_378__unknown__ministral_3_8b.md,12233,8e7f7e619ff39a1e1985cf14c3cbeefc3ddc3af97a5701f0bfc6999e149a3887
379,unknown,Ministral 3 8B,run_379__unknown__ministral_3_8b.md,25007,30bcefb81b2b4e23b669e4864ab84997331514c2a9de7844888ee02aed240e59
380,unknown,Ministral 3 8B,run_380__unknown__ministral_3_8b.md,38889,fc7954cd46f41d2fb7c546dc2487308a2b3106661ff676dac65398216413c1b3
381,unknown,Mistral NeMo 12B,run_381__unknown__mistral_nemo_12b.md,2337,4abf888617b01dfc459b5b01f9bbc5e3194cc3b158d13a58e280e38dac498b63
382,unknown,Mistral NeMo 12B,run_382__unknown__mistral_nemo_12b.md,1950,dac3df52c077115359151746a591116eaaa0550b4c9dd732bcb64d55417d74ab
383,unknown,Mistral NeMo 12B,run_383__unknown__mistral_nemo_12b.md,1938,3eb89eaf7541dc80c4987819e0281546c21144aaeb08d8afea510f47348a8990
384,unknown,Mistral Small 3.2 24B Instruct,run_384__unknown__mistral_small_3_2_24b_instruct.md,2414,3e72150e9d334502338dd2ea6b0f1b912bada34d68f4e17c2429958181aadb8f
385,unknown,NVIDIA Nemotron 3 Nano 30B-A3B,run_385__unknown__nvidia_nemotron_3_nano_30b_a3b.md,47328,bca1d05445655c7bb0dc16cfa1745c4562ad70c6b23ed855aa543cf0c3b7c6f4
386,unknown,Qwen3 8B,run_386__unknown__qwen3_8b.md,170,f6784cb843295a549d1811a77d3e92940da62fcab297967e6cc12f0eed76dca6
387,unknown,Gemma 3 12B IT,run_387__unknown__gemma_3_12b_it.md,9393,1bae1fc3772bd6779a576caa992e49bdabea3bea384b06c074ccb6fb8b12ab7d
388,unknown,Gemma 3 12B IT,run_388__unknown__gemma_3_12b_it.md,8255,a821fb4987ed9f4e986bf400b145e6d1e98228edef151b68976d511d67fdd969
389,unknown,Gemma 3 12B IT,run_389__unknown__gemma_3_12b_it.md,6925,072517cf0a8cf0b2aa5edafe7f324576216111b4b160fe03aba537d4c06ef2b2
390,unknown,Gemma 3 27B IT,run_390__unknown__gemma_3_27b_it.md,4660,b1abcec874ed7ab41bb673b8e3f7adcabf1942fb6ab6fc6f889e6856368368cc
391,unknown,Gemma 4 31B IT,run_391__unknown__gemma_4_31b_it.md,3221,ce023f678abac0659c42de8bdbfc3eebbd0100871ca9e9b5bfd31bee9aeac857
392,unknown,Granite 4.1 8B,run_392__unknown__granite_4_1_8b.md,5268,a82aacb29901a43f4bbd2388b727845d00ad3404d3289f73ebeced1325853c88
393,unknown,Granite 4.1 8B,run_393__unknown__granite_4_1_8b.md,5410,9bd49c020a1128a80bf989cdead5c0683a25d495933cbbb4003b01f7610dfc3c
394,unknown,Granite 4.1 8B,run_394__unknown__granite_4_1_8b.md,5386,c07c8b58e8cb6baf29b313d2993ac98d97fa5a78d1eb81acc82d09916aefb4cc
395,unknown,Llama 3.1 8B Instruct,run_395__unknown__llama_3_1_8b_instruct.md,29323,ef761b2314e686281e35f99c39af32f5cd314160ef3fe86a74929ab574f92504
396,unknown,Llama 3.1 8B Instruct,run_396__unknown__llama_3_1_8b_instruct.md,3940,f1ea8109a5a762712878fc4bed3eef42d435f924e941b5f10daab9ef6d09dd82
397,unknown,Llama 3.1 8B Instruct,run_397__unknown__llama_3_1_8b_instruct.md,3909,50d5ea1c1615dcf00a02adb430062f7277730c33511b80388265777a132952dc
398,unknown,Ministral 3 8B,run_398__unknown__ministral_3_8b.md,5763,9b4cee6c346c5d15b6ab26b31691d992fa6ea022b47c4507958b53c03c55ff20
399,unknown,Ministral 3 8B,run_399__unknown__ministral_3_8b.md,6665,abacbe34754a0c712801945338b05378c04e30561cc11ae4ea08eea931f06e27
400,unknown,Ministral 3 8B,run_400__unknown__ministral_3_8b.md,5493,5fe8cb83aabccca42374bc9375c685216c1221e4d3fc5c68a2e56e6a2486fab2
401,unknown,Mistral NeMo 12B,run_401__unknown__mistral_nemo_12b.md,2637,52de1ea8b7d56089dc2306385df8275ec23b646dcd1217c7ce32b7a22d3249e6
402,unknown,Mistral NeMo 12B,run_402__unknown__mistral_nemo_12b.md,2335,52a379ad2389845b98c72c733051122b42e940b67499f92451f1f0448d8c5ee4
403,unknown,Mistral NeMo 12B,run_403__unknown__mistral_nemo_12b.md,2589,400ef22dd7f844a846ce1f3ade3238bcf600422ab9d75228f9b6a96d61a8bcec
404,unknown,Mistral Small 3.2 24B Instruct,run_404__unknown__mistral_small_3_2_24b_instruct.md,4302,3ba88fba115ad4df9762e6ae222e985238a885d1d951b9f78eb58c342ecd439b
405,unknown,NVIDIA Nemotron 3 Nano 30B-A3B,run_405__unknown__nvidia_nemotron_3_nano_30b_a3b.md,26668,6e71988178203fb8105ed1498be01070cab2d751999591419c1cc6e35a1d8fd5
406,unknown,Qwen3 8B,run_406__unknown__qwen3_8b.md,171,adccd6e2ea6b4ab7d6a448a286472f9578a4f6d77d91955a4ac487b9c8616dc9
407,unknown,Gemma 3 12B IT,run_407__unknown__gemma_3_12b_it.md,2743,5730c398357de21cbdcab750524e4bb16b63cdd1b21b5a8866850a625cab7848
408,unknown,Gemma 3 12B IT,run_408__unknown__gemma_3_12b_it.md,2998,edd81ba9c405c285c3336c328f32471d4b2bc7fdddf76574a51f595d6f7c4832
409,unknown,Gemma 3 12B IT,run_409__unknown__gemma_3_12b_it.md,2814,afce79364747eb363073218f3edf5b9e37029535ba189e789a6c9f3f2a99f3bb
410,unknown,Gemma 3 27B IT,run_410__unknown__gemma_3_27b_it.md,2761,891cadda7969f48eb727bbe452a27efbd7647c664efbe6601a1d159cd28be2bb
411,unknown,Gemma 4 31B IT,run_411__unknown__gemma_4_31b_it.md,2246,3780dc548c31b7a185abc5c41481434b5e0497f0d6c2152bb0c6d10c5311a2a8
412,unknown,Granite 4.1 8B,run_412__unknown__granite_4_1_8b.md,2785,df11241ad2a899c2a8e518b4f42bd10617c59c5adbd44bb89d86c59e2e632324
413,unknown,Granite 4.1 8B,run_413__unknown__granite_4_1_8b.md,2934,6998b7e64dc31d9320fb2070445bd21d46a45576996f17895c5eb47e5419ae5d
414,unknown,Granite 4.1 8B,run_414__unknown__granite_4_1_8b.md,2933,3a13f208475c2a41e9b8fa5891cd749ae208b1c259756dacd6a03bf68674559e
415,unknown,Llama 3.1 8B Instruct,run_415__unknown__llama_3_1_8b_instruct.md,1813,23d48968342ee290938b4abf84288bb1fc10d59791936d7d92c66a73e7b74960
416,unknown,Llama 3.1 8B Instruct,run_416__unknown__llama_3_1_8b_instruct.md,1535,e2458e1b3d24e2eeeb0af41215d77afae662c57409e00c2f7cbec4e238476f9c
417,unknown,Llama 3.1 8B Instruct,run_417__unknown__llama_3_1_8b_instruct.md,1534,1a40259e4743a963dc8e5f3214a3871233c8a75871bb02a033715b8f8667cce3
418,unknown,Ministral 3 8B,run_418__unknown__ministral_3_8b.md,1832,e5d82d91421cda5be85ccd67e2eac6469a7d9f70a033fe6459f85d5b7f165f05
419,unknown,Ministral 3 8B,run_419__unknown__ministral_3_8b.md,2301,2a311726095a7b1b57d88a55a70e1ad7b8a9f19e854b93abe34c226ebc1fe2d0
420,unknown,Ministral 3 8B,run_420__unknown__ministral_3_8b.md,3656,da76a4a2ab0df28775e447f147b2551bbdee1174d13d3c2d329f9bb43ee94e0f
421,unknown,Mistral NeMo 12B,run_421__unknown__mistral_nemo_12b.md,2082,9fc64105d1d129c6b5c32cffc724105534b7ec756258b9c7b2303489b8159b60
422,unknown,Mistral NeMo 12B,run_422__unknown__mistral_nemo_12b.md,1808,a5e87a1afd8de708ad0808febd295504de2e226c032c7ed03a89a8b48de213a8
423,unknown,Mistral NeMo 12B,run_423__unknown__mistral_nemo_12b.md,1920,a932f2805d6e12542f7df0fcac12c84db4366171372716ce023a3f27dccb615a
424,unknown,Mistral Small 3.2 24B Instruct,run_424__unknown__mistral_small_3_2_24b_instruct.md,2531,01d6260285096b0631d4e855337361e01155975c9a59c100022715985c2ccc08
425,unknown,NVIDIA Nemotron 3 Nano 30B-A3B,run_425__unknown__nvidia_nemotron_3_nano_30b_a3b.md,2357,e176865c2e6ea2887e9d467b68202472aa27990ac838fba458d3eddf98e1c444
426,unknown,Qwen3 8B,run_426__unknown__qwen3_8b.md,217,83435af7a569462e9c8119ba58138ec70b4fd09a84410c7ed6746c9786ae4e3c
427,unknown,Qwen3.5 9B,run_427__unknown__qwen3_5_9b.md,2982,0858439dab8ca1ddcaf2b522d14b104ffc50464d0056695c6c67920b8b24c521
428,unknown,Gemma 3 12B IT,run_428__unknown__gemma_3_12b_it.md,3267,3995c7967a4b8ead136e325dc0fe17be9569b3e5a3f95ba949990ca93c8e9cce
429,unknown,Gemma 3 12B IT,run_429__unknown__gemma_3_12b_it.md,3067,ab9d6b95679e13aec95c9bc4b8601427bf562dc97b569e03b486df965153112a
430,unknown,Gemma 3 12B IT,run_430__unknown__gemma_3_12b_it.md,2981,5afc8508c0ecba23d44cffae2ebab91185cdf786adb0f6dd074f8239edc8efe2
431,unknown,Gemma 3 27B IT,run_431__unknown__gemma_3_27b_it.md,2422,a2f21ca48453c88a6aba36d4972ab9662add60fb9f0e8560792c98e41ab0b48e
432,unknown,Gemma 4 31B IT,run_432__unknown__gemma_4_31b_it.md,2198,f04dd407e7ccb2ee1b942eb63ff4019f3f7fab91004804f9ceeb2b106b7929a2
433,unknown,Granite 4.1 8B,run_433__unknown__granite_4_1_8b.md,3663,4b1f0ed8e12ac211c925743cfc12ba4c836ec1ef4be437da9bbd17b0563464ab
434,unknown,Granite 4.1 8B,run_434__unknown__granite_4_1_8b.md,3433,ced3ee2219fc0dc4ac354ae4dca929d9b69104b204012ac333cf5057c8bb21f9
435,unknown,Granite 4.1 8B,run_435__unknown__granite_4_1_8b.md,4191,7077ef992023a8330dc9f62e21445387f03d6d0d46b92606a2e99480eed1c7f8
436,unknown,Llama 3.1 8B Instruct,run_436__unknown__llama_3_1_8b_instruct.md,2664,26baf293b4469311aaf63bebe16e182f94923466a10dac94aa29f68385bec8e5
437,unknown,Llama 3.1 8B Instruct,run_437__unknown__llama_3_1_8b_instruct.md,3012,2e17c10bfc87906f7070f056c310dd269626ae9f302cc782feb66b94f0d0de86
438,unknown,Llama 3.1 8B Instruct,run_438__unknown__llama_3_1_8b_instruct.md,3076,c61bfa0a74f3b6aa0af1643a595ad93637f759bd25df6f2c45400993fe146174
439,unknown,Ministral 3 8B,run_439__unknown__ministral_3_8b.md,5043,affdb91d8eaf8a51ed2cbcd82cd646fc6780c0419547e9246407a51ebff6aa13
440,unknown,Ministral 3 8B,run_440__unknown__ministral_3_8b.md,4276,f2a1f2d61326cf0708704588c397c6c773c201c4478bf60b79d162d0b59fb472
441,unknown,Ministral 3 8B,run_441__unknown__ministral_3_8b.md,6858,a8065ad0dae4009bf92770d68210ee5d1d8e88c195b4e8a38ce5b40095c0e0a4
442,unknown,Mistral NeMo 12B,run_442__unknown__mistral_nemo_12b.md,2062,78e12247f8f343717938edc3ad3de5f8d4a844b0635a35b287cd454ef1ef59f3
443,unknown,Mistral NeMo 12B,run_443__unknown__mistral_nemo_12b.md,2041,40ec65ac5b9eb2fb1599cbc0e955fed0cf5a3a5a4168c7e9a7c3e79114b10e5a
444,unknown,Mistral NeMo 12B,run_444__unknown__mistral_nemo_12b.md,2302,332ca47349676de35294f804ac5245d98ca3dce5a1b8fb18421ff473fb7a5fc5
445,unknown,Mistral Small 3.2 24B Instruct,run_445__unknown__mistral_small_3_2_24b_instruct.md,3005,72e65d9e567b084d466de4ea995680dff5014f502dee5490596bfa21adb26dd3
446,unknown,NVIDIA Nemotron 3 Nano 30B-A3B,run_446__unknown__nvidia_nemotron_3_nano_30b_a3b.md,1880,7bcbafadcf3b0c825f3306df03714b14a6e19db011031998ffe45aaf72faaac4
447,unknown,Qwen3 8B,run_447__unknown__qwen3_8b.md,222,864c6ec3f559b001bdc2f34076a006a7801fb41aae54cf5dca04dd494840efec
448,unknown,Qwen3.5 9B,run_448__unknown__qwen3_5_9b.md,2688,360554c140808b2bbba8aefea7824e035516ba2c5c80ddf124705ebf2388f41d
449,unknown,Gemma 3 12B IT,run_449__unknown__gemma_3_12b_it.md,3239,83c99dfdd3cee7a25f2db7b5cef003a87bfac098cd05213d43552267e5c66d02
450,unknown,Gemma 3 12B IT,run_450__unknown__gemma_3_12b_it.md,3194,76828ddfcfe1ff2f6a46515a7f8aaefc26fc771d612259a3d5d34f33c67d5858
451,unknown,Gemma 3 12B IT,run_451__unknown__gemma_3_12b_it.md,3167,a12c7fc084f831ede61026245fe546bc040c2b66733bb845e73c4bddb00a8269
452,unknown,Gemma 3 27B IT,run_452__unknown__gemma_3_27b_it.md,3106,d0a72212c5ecc69b0505fea433893f29fb24825fe9ec8b382c28a6cdf6b05ea3
453,unknown,Gemma 4 31B IT,run_453__unknown__gemma_4_31b_it.md,2447,5461ffd5a8710826a33ac92ca2ce5ee7beee47e90407d27a3c0f37aab6ad7b28
454,unknown,Granite 4.1 8B,run_454__unknown__granite_4_1_8b.md,3385,13459c1b654c288270cf9253e19191ee4ae422460b998bbcc5b40d596f13779c
455,unknown,Granite 4.1 8B,run_455__unknown__granite_4_1_8b.md,3578,7ac5257cfebda4ebad0422029f28cefafacc3f62667804dc2f2f0837c873522d
456,unknown,Granite 4.1 8B,run_456__unknown__granite_4_1_8b.md,3489,fea441e97528fd104f12f3c4a6550a627a5b286a52537b6431645ae0418916e2
457,unknown,Llama 3.1 8B Instruct,run_457__unknown__llama_3_1_8b_instruct.md,2274,eb790d165dbb1ea19cbfdb26228cc8041053a02a600eaa4b846ffdb27ee3325a
458,unknown,Llama 3.1 8B Instruct,run_458__unknown__llama_3_1_8b_instruct.md,2320,f9802963edb46ea06671612ef72157dfef1076145280b482ebe05f4eafd380ac
459,unknown,Llama 3.1 8B Instruct,run_459__unknown__llama_3_1_8b_instruct.md,2105,c687e3486a38796f366c1d73e4821db3093aa9327cdba75721068dc571b668ec
460,unknown,Ministral 3 8B,run_460__unknown__ministral_3_8b.md,4665,3117096d7fa314b92aac466a6c8d498eb6c8fcd674a0390b4d4872451181b270
461,unknown,Ministral 3 8B,run_461__unknown__ministral_3_8b.md,2616,db20c1dfa52e841b4541a9c885e4b34011df6c88fe3214220b19e88d3fcdf2f1
462,unknown,Ministral 3 8B,run_462__unknown__ministral_3_8b.md,2523,e6658eadfccac605ada670ac32ae70dd88769d1ece1bc3d817728c0c20d34334
463,unknown,Mistral NeMo 12B,run_463__unknown__mistral_nemo_12b.md,1811,7c7da71a5eddaf82499c39ea9ebab851e8d379cfad73808ba2830164557a6a21
464,unknown,Mistral NeMo 12B,run_464__unknown__mistral_nemo_12b.md,1470,9900fd6768714fd1f80c443d24b07902df3add3f13736d25fa2c4bdca6580d8e
465,unknown,Mistral NeMo 12B,run_465__unknown__mistral_nemo_12b.md,1414,d2151a8b4763a50409cfb67673f072181750d3c437ac8828ab5593ae1150547d
466,unknown,Mistral Small 3.2 24B Instruct,run_466__unknown__mistral_small_3_2_24b_instruct.md,2721,ec1be5ca05d32d5e570b10edcd1b21d61aa11255d049b70b3185e42c69dbd7af
467,unknown,NVIDIA Nemotron 3 Nano 30B-A3B,run_467__unknown__nvidia_nemotron_3_nano_30b_a3b.md,3433,c50e44c3a1f7e7d049257290831b3ac7529fed8a642ca740721107aed691ca3d
468,unknown,Qwen3 8B,run_468__unknown__qwen3_8b.md,367,7083fb259c1731b9dc1293cc544f5eb8f02f9cc299ca1bd34e81be4a5410d266
469,unknown,Qwen3.5 9B,run_469__unknown__qwen3_5_9b.md,3259,6a023a0c139614b202c28b770874329922d760b0a1df1fbaf6c31b889e2d813a
470,unknown,Gemma 3 12B IT,run_470__unknown__gemma_3_12b_it.md,2071,05f1f0d4fb755baf6b1f51a18877b49e72f368a23db345ec1d1eaf60582c971e
471,unknown,Gemma 3 12B IT,run_471__unknown__gemma_3_12b_it.md,2071,05f1f0d4fb755baf6b1f51a18877b49e72f368a23db345ec1d1eaf60582c971e
472,unknown,Gemma 3 12B IT,run_472__unknown__gemma_3_12b_it.md,2103,5165fe741015c661305e1ee13756a3a7d73e552e0258ce8d27d0b7f13fcc276b
473,unknown,Gemma 3 27B IT,run_473__unknown__gemma_3_27b_it.md,2101,1c66e48aba7a7bd2d72ccb4ff72ba924d4f3b9df88570c5dffbe5d0508523331
474,unknown,Gemma 4 31B IT,run_474__unknown__gemma_4_31b_it.md,2342,5968901c4ab9ab59e9d6354de056195415a511d6fdf4454faa5d7166a7344c16
475,unknown,Granite 4.1 8B,run_475__unknown__granite_4_1_8b.md,2268,08aac36391dd59139fdd3f3b8e58204d44b3ee47bb5ec287331b5c4af8e4d102
476,unknown,Granite 4.1 8B,run_476__unknown__granite_4_1_8b.md,2172,7bab274af879f3496c39e86dddc0afdc215f64089c262d230631fbefdf775811
477,unknown,Granite 4.1 8B,run_477__unknown__granite_4_1_8b.md,2104,ffa2bc77a1aec3d0fcc3877a99b76e7477e257300348ce4b9916d8e1696430e5
478,unknown,Llama 3.1 8B Instruct,run_478__unknown__llama_3_1_8b_instruct.md,1801,9846ea84d019b58ee47267b105ca0350c701fcd28eccb585d2a79c81fa36c1bb
479,unknown,Llama 3.1 8B Instruct,run_479__unknown__llama_3_1_8b_instruct.md,1831,9ff71383194c6d8179c57115944d3b18877f3b07b66286116cc40d42c9d7c93e
480,unknown,Llama 3.1 8B Instruct,run_480__unknown__llama_3_1_8b_instruct.md,1617,c60d6bf4a22430ed0540e9387c66a49dff097225baeff5637c50dd0846e66f50
481,unknown,Ministral 3 8B,run_481__unknown__ministral_3_8b.md,4542,b4190be86ead074ad69f56f7bf1edb2345703006fd4107e2a70061353acd5a2a
482,unknown,Ministral 3 8B,run_482__unknown__ministral_3_8b.md,2175,e86473b90e655c6edb400f6dca4e71c06a77e33feedd5ac46ef1f65f1d07e899
483,unknown,Ministral 3 8B,run_483__unknown__ministral_3_8b.md,2427,f8f269f5f279283467d276991b881cd1ec7999a11f630e15399dbda012d6088c
484,unknown,Mistral NeMo 12B,run_484__unknown__mistral_nemo_12b.md,1331,b7af58d85e2c4589e77d31f7d167a536ddd329059db3788ddaaa9953b4382526
485,unknown,Mistral NeMo 12B,run_485__unknown__mistral_nemo_12b.md,1245,fbe53afe475438574d84a2da95642aed2dad6bfb3fdc26bd657363daea1559ef
486,unknown,Mistral NeMo 12B,run_486__unknown__mistral_nemo_12b.md,1559,823d9dd0ab5fa1e9670bc4f187fb49fcee5086096c957d0b059d6f6cb8720e8b
487,unknown,Mistral Small 3.2 24B Instruct,run_487__unknown__mistral_small_3_2_24b_instruct.md,1849,b6d9617904a6257913a3659f11c192e0ef7f4d53c6e096b8a3ccc7a051f4baac
488,unknown,NVIDIA Nemotron 3 Nano 30B-A3B,run_488__unknown__nvidia_nemotron_3_nano_30b_a3b.md,1805,15c6d2a4689ce09b75dc4f0b1feaad6f8af3c3745157ace48ea5ec00904edcf0
489,unknown,Qwen3 8B,run_489__unknown__qwen3_8b.md,115,84bfef8e09d32d835e9b840561b1d5ee7f6f9c8ff05abb70d913ca02bb5d7b1c
490,unknown,Qwen3.5 9B,run_490__unknown__qwen3_5_9b.md,3113,dcada20330520e7fbdcb36b5965cbe29bae77f9a1c5c4a994f062d60981ba8ed
491,unknown,Gemma 3 12B IT,run_491__unknown__gemma_3_12b_it.md,3530,5e6646a7d9f1f88e1959d36ede0111a966854a6dd215c896bd2d9d4747d3a515
492,unknown,Gemma 3 12B IT,run_492__unknown__gemma_3_12b_it.md,4023,2cba258736a3ca3aa51f4470ee73c976d29630a542a705c17d0b945e590101fa
493,unknown,Gemma 3 12B IT,run_493__unknown__gemma_3_12b_it.md,3994,5c8dc4953850d2757529341d226c4199774cafd1e4fc0ebfcdc4161d5eaac827
494,unknown,Gemma 3 27B IT,run_494__unknown__gemma_3_27b_it.md,5235,750b98ad4332b104fe6b37ce99b2fdaf9a325c5de294364aa8752d743fe9d6e2
495,unknown,Gemma 4 31B IT,run_495__unknown__gemma_4_31b_it.md,3625,00caffbce5bb5ea489956f3b234f8266b95c5f84fc395ec8b840ef2217fecd04
496,unknown,Granite 4.1 8B,run_496__unknown__granite_4_1_8b.md,3643,03232c7dabb5164105920ecfd1b5641977202dae457e922e94b297ba7e82fae1
497,unknown,Granite 4.1 8B,run_497__unknown__granite_4_1_8b.md,3543,ddc28ef81194657cd1dba09f02fd81f4a7a22310eada253f854bd54370fd4f73
498,unknown,Granite 4.1 8B,run_498__unknown__granite_4_1_8b.md,3701,604adecaa87873852c817c71c3eaf3bf99109ff51890ab0f81aed9c593bafc72
499,unknown,Llama 3.1 8B Instruct,run_499__unknown__llama_3_1_8b_instruct.md,7193,49e1cf0a1b8a236aa3014d81a53377209dc449f3a4b1c89a08fb55887419eb11
500,unknown,Llama 3.1 8B Instruct,run_500__unknown__llama_3_1_8b_instruct.md,29341,1f5570ab70eb1770f92351e4a277a1e79090699b04f5347890160548809dc998
501,unknown,Llama 3.1 8B Instruct,run_501__unknown__llama_3_1_8b_instruct.md,4029,c38fef9973344a963f82f73818f45d1759ddcb47d9d4ebc5f5bff469c4eaebd6
502,unknown,Ministral 3 8B,run_502__unknown__ministral_3_8b.md,3393,b2faa711555e9421ae55d5fd75a01c26b40e024682f008d65eb53ddb3cf14f10
503,unknown,Ministral 3 8B,run_503__unknown__ministral_3_8b.md,4416,e04287f9ecb4e7f1b0426430b1fea14b0d51b65d42a9e05baecd67e50c362726
504,unknown,Ministral 3 8B,run_504__unknown__ministral_3_8b.md,4885,8733ad782056af0512c4b36141393cf823fe851eb3d45ccce523908a7dc9c92c
505,unknown,Mistral NeMo 12B,run_505__unknown__mistral_nemo_12b.md,2001,e2a8695c97bb39b1e73d4b138cb6113efbc9dd7c925ef9015a9a214523190f6b
506,unknown,Mistral NeMo 12B,run_506__unknown__mistral_nemo_12b.md,1872,40b00b2ce2fb10151c2e43a7431630a8c74d580b7ecce1e6db23aae1accedb2b
507,unknown,Mistral NeMo 12B,run_507__unknown__mistral_nemo_12b.md,2609,47cce6fd28eb6f3dcf881a7df23516d0896d747b754391df13255af863269a41
508,unknown,Mistral Small 3.2 24B Instruct,run_508__unknown__mistral_small_3_2_24b_instruct.md,4039,dd23938ecfdfa47d8de8c4bbc3ebdbc2aa2115a38271fdf877453180f144e4fe
509,unknown,NVIDIA Nemotron 3 Nano 30B-A3B,run_509__unknown__nvidia_nemotron_3_nano_30b_a3b.md,3757,be358b6ca7e3905d42d7790b47ac6fb3cca939cf0127d03a40b9a0d16661344e
510,unknown,Qwen3 8B,run_510__unknown__qwen3_8b.md,138,6911aa59a5f80b11cb81ca2a945edde65fb57a02e88780743f6616f22777eee8
511,unknown,Qwen3.5 9B,run_511__unknown__qwen3_5_9b.md,4024,41d4e669023b403cc86148a5626c11e9ba10abc32728c9ab16d9624edb2155a6
512,unknown,Gemma 3 12B IT,run_512__unknown__gemma_3_12b_it.md,2733,8813bb1b74241501cf3540f7feeb20eed5996834ebec454cc34da446c9b88b1c
513,unknown,Gemma 3 12B IT,run_513__unknown__gemma_3_12b_it.md,2840,90a9dc3387cdf6bd1df8f7696e8a8c89522b173839087000dcf35582315d9289
514,unknown,Gemma 3 12B IT,run_514__unknown__gemma_3_12b_it.md,25613,516d8bf0ebdf793b73b17e18b051d1f9ad055db6269b7b3bcb6a3f4c136c4773
515,unknown,Gemma 3 27B IT,run_515__unknown__gemma_3_27b_it.md,2743,e32fa3aaa29dd08f34fef7cb422bf37ef3e9a752893e52cb4ba40ea9f4c1f446
516,unknown,Gemma 4 31B IT,run_516__unknown__gemma_4_31b_it.md,2326,5e63a5fbd8db0c0f352bba69d75f7c445b576c76a5ffcf86476408e3a88ac72d
517,unknown,Granite 4.1 8B,run_517__unknown__granite_4_1_8b.md,4130,aeba0fc8df1a1c6b72967bb286f09445a3d56fb627c3147bd9aaee7b4357ea0b
518,unknown,Granite 4.1 8B,run_518__unknown__granite_4_1_8b.md,3924,c94d90c841c708eb0e7eda440e569996aeb3b78a5284d52570e48970c3e069d7
519,unknown,Granite 4.1 8B,run_519__unknown__granite_4_1_8b.md,4169,fb92e45f3842b869f1744997dd042d02218cc2708497bc32ac84ab56451c910b
520,unknown,Llama 3.1 8B Instruct,run_520__unknown__llama_3_1_8b_instruct.md,2941,ee99b5319c5aff1b505e8e98da3becff02dcc09ecda422eb7c5f48a72a4c21bf
521,unknown,Llama 3.1 8B Instruct,run_521__unknown__llama_3_1_8b_instruct.md,3515,ccc71caf023bda8d91b43d6b6d3650c74ff4742d5c93922e221bef70741d4ffc
522,unknown,Llama 3.1 8B Instruct,run_522__unknown__llama_3_1_8b_instruct.md,3455,c8712cccb2466cbf49f0e79db0895904f93d8702043920a6a26e76df5510de9f
523,unknown,Ministral 3 8B,run_523__unknown__ministral_3_8b.md,3782,53cf2da3c2c1b6e6fb852c5e8cc4c895d126dbde95dd7728aafb1aa666e70202
524,unknown,Ministral 3 8B,run_524__unknown__ministral_3_8b.md,3938,bf3680f502a79d95eab6640c9b51c7f58b33411dc850855c23475f4382675d01
525,unknown,Ministral 3 8B,run_525__unknown__ministral_3_8b.md,3873,4f54468988bcea91e3b98c301c6dc8fdd5b10d7c03ca2edf9c48eda7e09b0e0d
526,unknown,Mistral NeMo 12B,run_526__unknown__mistral_nemo_12b.md,1802,1aeae57d9797714b56500d1f2f0745d8a8dbf43cac7a8efe551a641918ffa270
527,unknown,Mistral NeMo 12B,run_527__unknown__mistral_nemo_12b.md,1747,2a72688d4d69d4e600087e167686d379c5231981b24986cc2edf6a586ee1338b
528,unknown,Mistral NeMo 12B,run_528__unknown__mistral_nemo_12b.md,2027,776ad5e028cf93b5c8a3c5707cda4d0bda752f90a6e2402ae2f5171836949d44
529,unknown,Mistral Small 3.2 24B Instruct,run_529__unknown__mistral_small_3_2_24b_instruct.md,3889,a3cf78d1616bf2beb1ef434a8aff28bf19fdf676d2fc8a49e34415a06267f4d9
530,unknown,NVIDIA Nemotron 3 Nano 30B-A3B,run_530__unknown__nvidia_nemotron_3_nano_30b_a3b.md,22039,cc14abcd3d69e23d24ce24417560ce3ccc7504aceb7d6d8604bc46c1babdf34e
531,unknown,Qwen3 8B,run_531__unknown__qwen3_8b.md,159,066eb28f55ea5374c565fd56ae35195e295103a42b6d28381b7adf62a581a701
532,unknown,Qwen3.5 9B,run_532__unknown__qwen3_5_9b.md,3747,94c3603226608b2a7fd03288a6abb0805c8eae0ccad1bfe8d54317993c386c81
533,unknown,Gemma 3 12B IT,run_533__unknown__gemma_3_12b_it.md,3495,a2f914b8aa2a9cba7c76150be826659291142195f93a9c513ef66e98eb58a2da
534,unknown,Gemma 3 12B IT,run_534__unknown__gemma_3_12b_it.md,3673,30dbc419b5677d3ca8c9cccc198e67ebd45e3b24143bb57b1fe45bf0f67369b5
535,unknown,Gemma 3 12B IT,run_535__unknown__gemma_3_12b_it.md,3483,0dcb8b02b0503c286fa94ee09a76bbcd1e7090d4d9602ae3f4dcc4f80deacaed
536,unknown,Gemma 3 27B IT,run_536__unknown__gemma_3_27b_it.md,4475,5d025fc5464307ac5e2d0b7ccc2d6579e4985c59056545d9637ad4f46e4ba464
537,unknown,Gemma 4 31B IT,run_537__unknown__gemma_4_31b_it.md,3115,de9ec8320617ad5debc6f9ab109845da6a895a8ec8340493adce1f504f1bc269
538,unknown,Granite 4.1 8B,run_538__unknown__granite_4_1_8b.md,4215,fcc70839a4e3778f2637d0d15c8422468fb9d93c5c4449e2bcc28c1ab513b5c0
539,unknown,Granite 4.1 8B,run_539__unknown__granite_4_1_8b.md,4230,5ce6a4c5f9b196778229f0ffe146fa63b85fb575716d7859e5749f03d05d1410
540,unknown,Granite 4.1 8B,run_540__unknown__granite_4_1_8b.md,3920,39969d8fb807dd5e4298ed4ba096d9085b8ea7d9cd9805a6160ed528f9fbeca8
541,unknown,Llama 3.1 8B Instruct,run_541__unknown__llama_3_1_8b_instruct.md,4315,e19f3aaf9c1d6249005e41287a6f877cd947cede5b609cc5841bb0bf4c103276
542,unknown,Llama 3.1 8B Instruct,run_542__unknown__llama_3_1_8b_instruct.md,2570,6e2ce69c24fc1d6894208286a7cb472ace46aa28f6fe4c8242058b352b47194c
543,unknown,Llama 3.1 8B Instruct,run_543__unknown__llama_3_1_8b_instruct.md,2175,33152fb45b5325e209cd59466b391b6204f562d8aba3cea9fc7669892507d8cc
544,unknown,Ministral 3 8B,run_544__unknown__ministral_3_8b.md,4171,158c28bc02f917ac6b0ca7b062cf6e00ef59aaa45929b56e3280fe5fbddcf879
545,unknown,Ministral 3 8B,run_545__unknown__ministral_3_8b.md,23378,4d9765a69835753940d60a77743d88769e962bc7834ef3b6b727644773cf3bf9
546,unknown,Ministral 3 8B,run_546__unknown__ministral_3_8b.md,7803,16de5cb65865027fc965dc4dd0cf87352456ee4d89b7e9a3e3d2f80c87596306
547,unknown,Mistral NeMo 12B,run_547__unknown__mistral_nemo_12b.md,1643,8e164f1ee3e02a98b80fa88f3bdf82ead82862d5f761353eb685c355f614cd44
548,unknown,Mistral NeMo 12B,run_548__unknown__mistral_nemo_12b.md,2038,d6e49a57f7269b279d3e9fb2327a0ad01db441d5f86de73f34f9a31dbeb86d51
549,unknown,Mistral NeMo 12B,run_549__unknown__mistral_nemo_12b.md,1983,69c5a8dbc8e00d4312b4fbb3f8947eac22d57eab6deab48ccb6c769b01c0fd49
550,unknown,Mistral Small 3.2 24B Instruct,run_550__unknown__mistral_small_3_2_24b_instruct.md,2913,a45aa8b275e6245d744ab92d6ea0cdb3b53a278242295427dd724c4f48eb4d29
551,unknown,NVIDIA Nemotron 3 Nano 30B-A3B,run_551__unknown__nvidia_nemotron_3_nano_30b_a3b.md,2125,d43c5052648abbfc4ed435e79ae66e32415e8bbe8b4ad6546b79ee94d9da6135
552,unknown,Qwen3 8B,run_552__unknown__qwen3_8b.md,151,35ecd5225370959c69e8d61ce86c0db1e3c8b25ac8c3ce5dcb0c0a6ddd1083ef
553,unknown,Qwen3.5 9B,run_553__unknown__qwen3_5_9b.md,4461,766eba3a43732b7beb7c59f17b6dc27e77eba825d9d8089d6f26e97fefcf5fb7
554,unknown,Gemma 3 12B IT,run_554__unknown__gemma_3_12b_it.md,2823,1b43b944a4870dda119e925875edade2026a11e0491e24a471a5f40c08c48355
555,unknown,Gemma 3 12B IT,run_555__unknown__gemma_3_12b_it.md,2790,4897c3ab685dbf892460ee126ab8a49d85b3dd1d4c7f81b423a986078a7a6b30
556,unknown,Gemma 3 12B IT,run_556__unknown__gemma_3_12b_it.md,3273,b32057ca3809c60d53d89159b46cd4fcf0d4ced58f1cde39547e4d3fd16fd24e
557,unknown,Gemma 3 27B IT,run_557__unknown__gemma_3_27b_it.md,3214,48c79f5c9016bada6977b5c0b08130669150581b96fd121dd2af97e410a23621
558,unknown,Gemma 4 31B IT,run_558__unknown__gemma_4_31b_it.md,2527,f2ef41cd541c8275717a6ef87e4b53404eb00b6f8943647fdb0ba8802af8aa53
559,unknown,Granite 4.1 8B,run_559__unknown__granite_4_1_8b.md,2626,f224f2575a678acb04e70b1780d09fc559f9ebea056338764cc872227ac16fda
560,unknown,Granite 4.1 8B,run_560__unknown__granite_4_1_8b.md,2618,cd0c22479cbbb9fd14aad6dedb03557fee6d9361993afdf6472f2e406fc4ba1f
561,unknown,Granite 4.1 8B,run_561__unknown__granite_4_1_8b.md,2465,1f2484395970f9e8b8f9fc38e5f8b5c6cadc8c760fb57374228f4c3fc9e9b9c4
562,unknown,Llama 3.1 8B Instruct,run_562__unknown__llama_3_1_8b_instruct.md,2897,0c5f33aec98daabfa42155b23c257b2db3c4cb273e0e4792a524965b40685c4c
563,unknown,Llama 3.1 8B Instruct,run_563__unknown__llama_3_1_8b_instruct.md,2705,e0b315a37d468fca6427c8338930851b118fcfb9b79788e8776dcd795dd1a951
564,unknown,Llama 3.1 8B Instruct,run_564__unknown__llama_3_1_8b_instruct.md,3241,241dbf8bde7dd6ae59f92c2e47b3794cfc06e0894b4a30a579e8f14fe15e6947
565,unknown,Ministral 3 8B,run_565__unknown__ministral_3_8b.md,2270,3bf03634effa0b9e9fe826a276682b259225b54d94b8e8ac9cfd5a13005eb1f7
566,unknown,Ministral 3 8B,run_566__unknown__ministral_3_8b.md,3160,fa690870c30a042c4a24ea3a07c17b8b9dd5139db4b06deb44dc0243ad452862
567,unknown,Ministral 3 8B,run_567__unknown__ministral_3_8b.md,3954,a0422c100b4b1cf407949da8a8c85f0102eb5bd80c75f28449ee7de561b07ccd
568,unknown,Mistral NeMo 12B,run_568__unknown__mistral_nemo_12b.md,1359,598ca59ecdcb48bead19b473894c43732b0bfa3cadfdb8d5d540018b5f285042
569,unknown,Mistral NeMo 12B,run_569__unknown__mistral_nemo_12b.md,1562,f170860244fd6d7742820cba2f088e028441e077989585af835b5351371fab9b
570,unknown,Mistral NeMo 12B,run_570__unknown__mistral_nemo_12b.md,1688,f140e148c7bbd5cded51976c835409ceb0485df7fc2ae5a07ac6d13d48f856c9
571,unknown,Mistral Small 3.2 24B Instruct,run_571__unknown__mistral_small_3_2_24b_instruct.md,3158,f598eae5b5380e31bc4b81f1df8a64ee7feddb8f00160b541be245216568587e
572,unknown,NVIDIA Nemotron 3 Nano 30B-A3B,run_572__unknown__nvidia_nemotron_3_nano_30b_a3b.md,2297,21c8fa8e46427750573dc29ff8174af28eadeeb820b8f03712f566fd5277c3e8
573,unknown,Qwen3 8B,run_573__unknown__qwen3_8b.md,107,7b4dfbb1eb0a7e744adad57d43bfea6401a8b985e97cdc84a22e9034a5779734
574,unknown,Qwen3.5 9B,run_574__unknown__qwen3_5_9b.md,3534,11998efb134d981dc74e5d1ba509fe16c101ab08680b94b277bf84ec51350941
575,unknown,Gemma 3 12B IT,run_575__unknown__gemma_3_12b_it.md,3333,0c47b8f599fb0fdfe2785f82675bd9e805fddc3bb927835e1355d5dc30a26d56
576,unknown,Gemma 3 12B IT,run_576__unknown__gemma_3_12b_it.md,3966,15801d8b964494c329852c1035df97c1c28b6db67633313f22dd7a23aef94b5d
577,unknown,Gemma 3 12B IT,run_577__unknown__gemma_3_12b_it.md,3713,c6db8b0abd433f06e837ed04b295b47a15cba39c8eb34b6d25e901a2c5841219
578,unknown,Gemma 3 12B IT,run_578__unknown__gemma_3_12b_it.md,3537,565eb0f12fc47a8a6b2ffe018bf89e3bacf982b33727c2c5d3c586cd9f03ba97
579,unknown,Gemma 3 27B IT,run_579__unknown__gemma_3_27b_it.md,3327,41d347d682dbae491e86d3f51498bde76b9a4d7adf97cadacdd975a4e2009c3d
580,unknown,Gemma 4 31B IT,run_580__unknown__gemma_4_31b_it.md,3307,dff6a128ef5d2730cb24a8b112e308e1aaa0295a5e40ce33dd32fac9904c74b2
581,unknown,Granite 4.1 8B,run_581__unknown__granite_4_1_8b.md,4139,55743020f43aa63b07f3c7e12b16b78b00debef8ee3b5f9a1b350845124a1c97
582,unknown,Granite 4.1 8B,run_582__unknown__granite_4_1_8b.md,4427,c4fff0ed86e49ed5468f18856862d194ddb6d690e2c0113bb09992dea13c593d
583,unknown,Granite 4.1 8B,run_583__unknown__granite_4_1_8b.md,3620,4cd5bb52c196a050dbd057b76fa34b3e0612b51654194454185e029b4006c4db
584,unknown,Granite 4.1 8B,run_584__unknown__granite_4_1_8b.md,5034,37e4ab3b94a1b195d89226c8ff70ded13e05abe9ebd80bfb60de74c21e5957ea
585,unknown,Llama 3.1 8B Instruct,run_585__unknown__llama_3_1_8b_instruct.md,2617,a509dd9a86a75856d844a7eb4ea5c357f92a56cee880ef1557fc95e36f6f2a90
586,unknown,Llama 3.1 8B Instruct,run_586__unknown__llama_3_1_8b_instruct.md,3540,5c1fcc9b6a005688f0d396b5af4b3aed50e66218478437679aa24a9b5a125ebc
587,unknown,Llama 3.1 8B Instruct,run_587__unknown__llama_3_1_8b_instruct.md,5174,3e2e0147294faf4c55a3ab5c4d3ca066dd1fc3ec76784ce0e74458f24d4f6858
588,unknown,Llama 3.1 8B Instruct,run_588__unknown__llama_3_1_8b_instruct.md,2603,02d25423af07672fcd4102574dcffe1acb8b63ae087dec20a81bb3a7093f68dc
589,unknown,Ministral 3 8B,run_589__unknown__ministral_3_8b.md,2944,a34ff12bd67e3ca34eb5f1205678aa6dd6d4fa671ad1a28954a78119b84c833a
590,unknown,Ministral 3 8B,run_590__unknown__ministral_3_8b.md,3321,79ee910f00621cb230e01aea462a775673fc5e3a14b8d98d3cac6a4c2fcb87d4
591,unknown,Ministral 3 8B,run_591__unknown__ministral_3_8b.md,3355,ce6732b3b89d288487baf7fc96f4ae3ee7373b66393cee78d57e239431e52d42
592,unknown,Ministral 3 8B,run_592__unknown__ministral_3_8b.md,3656,28c26c1d030c325d92fac2612c698a9a3d2794e96d2c045f88dd7f20091aff27
593,unknown,Mistral NeMo 12B,run_593__unknown__mistral_nemo_12b.md,1705,5ff4225f05e7435b01a16ae49f75b491bfdacf364eb28d9cdabe6699e6031508
594,unknown,Mistral NeMo 12B,run_594__unknown__mistral_nemo_12b.md,1705,5ff4225f05e7435b01a16ae49f75b491bfdacf364eb28d9cdabe6699e6031508
595,unknown,Mistral NeMo 12B,run_595__unknown__mistral_nemo_12b.md,1631,0a0c03f74c6bf8523d6d580b32c0691f53a4134d5d01c75b0d4befab9feb40c4
596,unknown,Mistral NeMo 12B,run_596__unknown__mistral_nemo_12b.md,1437,fd3df6576c99112c3fcda84321f88a6cc0838f88fabf9e50ccf621bd02e15145
597,unknown,Mistral Small 3.2 24B Instruct,run_597__unknown__mistral_small_3_2_24b_instruct.md,2750,7928abbf6361e57eeb8dcdc9978d64738701cd5df13312ebf16d71c856193234
598,unknown,NVIDIA Nemotron 3 Nano 30B-A3B,run_598__unknown__nvidia_nemotron_3_nano_30b_a3b.md,22762,9afb227063e5b29a6047ad30489d7a4ed8e32a5d11b10b651304341f350b8bd4
599,unknown,Qwen3 8B,run_599__unknown__qwen3_8b.md,134,f425f71b852dbaefc3a3a5912bc0c30056905ac447d396d76ccc8167a8253cea
600,unknown,Qwen3 8B,run_600__unknown__qwen3_8b.md,134,15d072909df7675f7dae308d3074e2535c880ef8d85d1d1f1e990ac5828f167f
601,unknown,Qwen3.5 9B,run_601__unknown__qwen3_5_9b.md,3708,1fb8ed90ef3935e97bfe607a7311424f9e5ffae526d18f652caf50ed8d340543
602,unknown,Qwen3.5 9B,run_602__unknown__qwen3_5_9b.md,3339,e1edc6052fe11fc0c9ca9bf304655d2441241d683695f99cad46ea11f93ba63b
603,unknown,Gemma 3 12B IT,run_603__unknown__gemma_3_12b_it.md,4567,e6f4976016762c1cd1d9dc7683478610365696f5503b7b1b18a059a5c4652a4d
604,unknown,Gemma 3 12B IT,run_604__unknown__gemma_3_12b_it.md,3160,dd6cc9c18c5064e826d59b52626da2478592f50f1c647241c9a62268d508f66e
605,unknown,Gemma 3 12B IT,run_605__unknown__gemma_3_12b_it.md,3197,58be77441fe90c62ca2a67ccf848f4eb9466be4a679a82c07d12d8ef1dbe300f
606,unknown,Gemma 3 27B IT,run_606__unknown__gemma_3_27b_it.md,4164,8166efa871053aa47ee52a093154d84b228a8ddba385b2f6b17f6d3f94672072
607,unknown,Gemma 4 31B IT,run_607__unknown__gemma_4_31b_it.md,3386,b2fde0f806257135d218d949492081cc6fb440d8073b73af83b12200b3faa439
608,unknown,Granite 4.1 8B,run_608__unknown__granite_4_1_8b.md,4141,768047b16852a102af32da8b7940cb133cb22d579640d124a57462ca4aa66c7e
609,unknown,Granite 4.1 8B,run_609__unknown__granite_4_1_8b.md,4610,2b43d3b575e88d5419ddad62f6dc3e03c51ab3de231bc7ec21d78ba1cc1fd1c4
610,unknown,Granite 4.1 8B,run_610__unknown__granite_4_1_8b.md,4160,cdf03c5bb285d353fd35869cb4c4fbb84b1ea2a283441dfb52c14522bdfe0305
611,unknown,Llama 3.1 8B Instruct,run_611__unknown__llama_3_1_8b_instruct.md,2806,0102bef1bdad27feb7972d447da0eb9546feb5c595416cca95c95a646f0b4e6f
612,unknown,Llama 3.1 8B Instruct,run_612__unknown__llama_3_1_8b_instruct.md,3005,83e4bbc1200271dac94afdcce86e53008562b4c47ba28f8b586f029813ce420a
613,unknown,Llama 3.1 8B Instruct,run_613__unknown__llama_3_1_8b_instruct.md,3323,8288a11c61b35816a8da8f75adb0ef203bb523edf581df278a65f8dd5b3a3640
614,unknown,Ministral 3 8B,run_614__unknown__ministral_3_8b.md,6551,2965251417d3178105b8c8ea6da671eabd4af88c2aafe9df6976fda21bdcc0f4
615,unknown,Ministral 3 8B,run_615__unknown__ministral_3_8b.md,27435,c103263da2967cc4daaa2aecdfe3c37ec691b7b269ba034a3cfed2cbcc45a93e
616,unknown,Ministral 3 8B,run_616__unknown__ministral_3_8b.md,8998,d500eb2fc98d8a92c18963f89e375bd7a8e7341c5355216d1198ea561f9e6fb7
617,unknown,Mistral NeMo 12B,run_617__unknown__mistral_nemo_12b.md,1914,2289e261e9af1a39bedfc73e1a107230237b8277702e8f85baf8a519969313ec
618,unknown,Mistral NeMo 12B,run_618__unknown__mistral_nemo_12b.md,1501,9e15e032bd74ce1a71a49d06c4df67ee61474ce01f270e54d44e7141bad7c946
619,unknown,Mistral NeMo 12B,run_619__unknown__mistral_nemo_12b.md,1632,f0b3df46bac9d7f29488702985522ca48e4529d0d5a022d96a7941b1dfa071bd
620,unknown,Mistral Small 3.2 24B Instruct,run_620__unknown__mistral_small_3_2_24b_instruct.md,5126,fb38be62c14fe5985970bd40a3b51fe55ff5e3b3e1bee5873c9e1133d770cb84
621,unknown,NVIDIA Nemotron 3 Nano 30B-A3B,run_621__unknown__nvidia_nemotron_3_nano_30b_a3b.md,2997,e290764bf1f08a594bf70d3264e0fd6a0ac732ae2386edc06a13eb56de25ebba
622,unknown,Qwen3 8B,run_622__unknown__qwen3_8b.md,179,1a650e53af75f7cd32766180526298a4292e73f6f995b47b5ab64dcd9f5ffa71
623,unknown,Qwen3.5 9B,run_623__unknown__qwen3_5_9b.md,4388,80f82a9594b06ca0fcad840e36d07bfa36f1e2a1931bed21e2bd0f0f2109fd2c
624,unknown,Gemma 3 12B IT,run_624__unknown__gemma_3_12b_it.md,3534,8b72178d4fda95b3af4988d29228d9351fde7b7f730ae6739b47ed78edb9a6c8
625,unknown,Gemma 3 12B IT,run_625__unknown__gemma_3_12b_it.md,3356,6f07f05503fda1b10cefd2f2d265a76bd9e82d5ef158bf50cfe2ec8473346e2c
626,unknown,Gemma 3 12B IT,run_626__unknown__gemma_3_12b_it.md,3596,58f73f42ad27e50ec1fbde3b6aade827345f9f0b7d421be4807aaa4eb7d005f7
627,unknown,Gemma 3 27B IT,run_627__unknown__gemma_3_27b_it.md,3350,96b875c04d765b3d4841bfd4379d8c904c99702adb05de84dff4007c7c7d2842
628,unknown,Gemma 4 31B IT,run_628__unknown__gemma_4_31b_it.md,3161,b4842b42d019b2d55a145f88b90065dea4a80d3e5b42b913054c52ccdb842556
629,unknown,Granite 4.1 8B,run_629__unknown__granite_4_1_8b.md,5225,826b19a308fb4d9209b1d9183f7628cf61e4d1c8c24d4d12a2f0af3d42c84999
630,unknown,Granite 4.1 8B,run_630__unknown__granite_4_1_8b.md,4502,195f1c2e7b8d40be9c577fc6d74cf8a06a77596622766646507de9e5fd0f997a
631,unknown,Granite 4.1 8B,run_631__unknown__granite_4_1_8b.md,4807,72ee9d01b104a0c7b835cd69ff1bf83c310fea2e327794717e5803f10ac6a459
632,unknown,Llama 3.1 8B Instruct,run_632__unknown__llama_3_1_8b_instruct.md,2656,2dec3ed944fdb0d2c30ee5aa0d4d750a2b05844622b153aa17faaba7b4f749d8
633,unknown,Llama 3.1 8B Instruct,run_633__unknown__llama_3_1_8b_instruct.md,2208,3ae4616a2194b0bb6b909bdba873f33900a146cd5cd31204eca683b4ab8751d0
634,unknown,Llama 3.1 8B Instruct,run_634__unknown__llama_3_1_8b_instruct.md,3086,aee65f0a80802b03555f338c1e66a3ecf5e83e42b71c902ea347be9f004742e3
635,unknown,Ministral 3 8B,run_635__unknown__ministral_3_8b.md,5442,26db31ddc5387729cd1bffaf1bec9f27c1890cd6dd8963cbcfa4d7d9cd4ac23f
636,unknown,Ministral 3 8B,run_636__unknown__ministral_3_8b.md,5747,fb9f942fe7b801124cc3ff04dea6dc8f7019c18ca401bc62da15b2eda8999d05
637,unknown,Ministral 3 8B,run_637__unknown__ministral_3_8b.md,5571,fde727311c4e0225a8ee2bf6ee42b562b72036ccafa677fe642a5847459a72a3
638,unknown,Mistral NeMo 12B,run_638__unknown__mistral_nemo_12b.md,1452,875cb6e3d5bd7f171b9030ec94786f80279432658ad0fc4d5ec0ffb9c42f859b
639,unknown,Mistral NeMo 12B,run_639__unknown__mistral_nemo_12b.md,2069,79fe3fc3e6cd9b32cbd120c502bb844842e8775b3131ecf75f5eae384e5f5188
640,unknown,Mistral NeMo 12B,run_640__unknown__mistral_nemo_12b.md,1621,76c3d91b38dce0ef9cd6e91d39126d4ce936beb18c007e4faa2da21571d4743b
641,unknown,Mistral Small 3.2 24B Instruct,run_641__unknown__mistral_small_3_2_24b_instruct.md,3524,1d87a4c4682359302b359931506cc39522712ece03a0734c737c91bffd9d0a8b
642,unknown,NVIDIA Nemotron 3 Nano 30B-A3B,run_642__unknown__nvidia_nemotron_3_nano_30b_a3b.md,23556,f7484e10ccc59c5c2080f8aac4358769ff3c505a76ea01b66252e1bf2377b8f3
643,unknown,Qwen3 8B,run_643__unknown__qwen3_8b.md,178,a8788296ca91bdc4adc7b91bb51e2ee3b4442bcc59e94792d87c45e717115bbc
644,unknown,Qwen3.5 9B,run_644__unknown__qwen3_5_9b.md,4214,7a87798b8d36a4caa87064349cef02a43bf1bf45d95978d9910ec9c76b7a7986
645,unknown,Gemma 3 12B IT,run_645__unknown__gemma_3_12b_it.md,2612,af7a6e6b4e455a1e6404ba98493fa1cb7ccee849a478ceaad2a72c559b329b0b
646,unknown,Gemma 3 12B IT,run_646__unknown__gemma_3_12b_it.md,2632,dc79d317783bf9c41cedb9473683c62ccc29f431f44e7c0dc209cc03cfed792b
647,unknown,Gemma 3 12B IT,run_647__unknown__gemma_3_12b_it.md,2443,d79ced873b727b1174e9a52f9cc82bdbfbf9d2e50bdd5eb56e4ed194b91418af
648,unknown,Gemma 3 27B IT,run_648__unknown__gemma_3_27b_it.md,2339,131ca5c0c697da894c633a15783048673cd1c419ecf18ea2f3679ce456ea2843
649,unknown,Gemma 4 31B IT,run_649__unknown__gemma_4_31b_it.md,2637,ba3f5facb7db752e65bb6bd40c8cae3d0f3054f78c8f07538bd4617f5a7b4468
650,unknown,Granite 4.1 8B,run_650__unknown__granite_4_1_8b.md,2242,223eb0d8b741d2414d76fe3e35b2fe1611baa46ddba82eec2359773753073709
651,unknown,Granite 4.1 8B,run_651__unknown__granite_4_1_8b.md,2482,5eaf072e201ffda3caa7bc6edf3f54ee0acd4216512b39985ccc1d8002f90a81
652,unknown,Granite 4.1 8B,run_652__unknown__granite_4_1_8b.md,2312,f8004f652845775f8a131c5a69010392f1a93172b11d43e603491e51b54cea63
653,unknown,Llama 3.1 8B Instruct,run_653__unknown__llama_3_1_8b_instruct.md,2175,af3296ba73e999d024289a9a166cec4f02aa5c2ed0a723a05dfd3b0de2ea98e4
654,unknown,Llama 3.1 8B Instruct,run_654__unknown__llama_3_1_8b_instruct.md,2193,fa5a96d094750b6d036406272054045787b5d818906f75dbd86595414c721134
655,unknown,Llama 3.1 8B Instruct,run_655__unknown__llama_3_1_8b_instruct.md,2460,c28323c804b9d49a817717dd6a9d05ec7e12a95a4be2757181faa2393cdd62e3
656,unknown,Ministral 3 8B,run_656__unknown__ministral_3_8b.md,3304,ba86782c459814c84a4b5e490c942647e01436e76d66fd7ff519e99fe790d486
657,unknown,Ministral 3 8B,run_657__unknown__ministral_3_8b.md,3508,4ed605f3936db41f95e8fe5e258fd503d6ad5185915c0670694566e5fdfa7ea8
658,unknown,Ministral 3 8B,run_658__unknown__ministral_3_8b.md,2752,f8c80f85390c341e9e18354d73ebbaecce299e7dc7af3b5278d9f2c215dd1ad3
659,unknown,Mistral NeMo 12B,run_659__unknown__mistral_nemo_12b.md,2014,9d290eb77469d48b2de96cb094ce5da90c3996f619e31e8654b2180f1010ddb8
660,unknown,Mistral NeMo 12B,run_660__unknown__mistral_nemo_12b.md,1594,60cdbd926fd4e27ef1e7c8be3cb8137be7229f2c8dbebb3b57bd5a9d9e3f04c8
661,unknown,Mistral NeMo 12B,run_661__unknown__mistral_nemo_12b.md,1607,39adc945a0ef8c008b530df69cdaa6e60c2a4d7ed03ced5fd62d9e5ff8b6acc2
662,unknown,Mistral Small 3.2 24B Instruct,run_662__unknown__mistral_small_3_2_24b_instruct.md,1769,ccef29c5a76fd35bf25c1bbae880ca9414dad260b82ff9d20ed42668d7b15570
663,unknown,NVIDIA Nemotron 3 Nano 30B-A3B,run_663__unknown__nvidia_nemotron_3_nano_30b_a3b.md,2410,ee9785b0170411a6e2e5b6870abadf6a4c5965d5dcba51068ff87496bbe4a9a9
664,unknown,Qwen3 8B,run_664__unknown__qwen3_8b.md,174,c89c99010ce7e0a3063e88c627460ba2786118ee6443cba28a8abe48257112aa
665,unknown,Gemma 3 12B IT,run_665__unknown__gemma_3_12b_it.md,5272,8d67773ebcaa2112ba7b65a9f630905019f581c42bc2acfe6df4dae18cae434d
666,unknown,Gemma 3 12B IT,run_666__unknown__gemma_3_12b_it.md,4776,133428b7f187e0959a2289b0bda29ea0532048a6547fc33f15c9feff5101d51a
667,unknown,Gemma 3 12B IT,run_667__unknown__gemma_3_12b_it.md,4917,66961493c1443b77009bb92efc12ba5f96fec05484d81ac57058a4d7ed65a26f
668,unknown,Gemma 3 27B IT,run_668__unknown__gemma_3_27b_it.md,4602,d1acd0d9fd60841aa0f918d9023f25ef64212cf785eeddadc46d660a2a3de7a2
669,unknown,Gemma 4 31B IT,run_669__unknown__gemma_4_31b_it.md,3467,85ef1bd2f11e25ec5384ef0de9d06c80b8a27f079a27a81bb97fcd66e363d38c
670,unknown,Granite 4.1 8B,run_670__unknown__granite_4_1_8b.md,3638,337039a9938a3731b0ad8afe3de717379edf191575eb372b5c25e75873a802ce
671,unknown,Granite 4.1 8B,run_671__unknown__granite_4_1_8b.md,3556,624753031502a4a003ddfb58c6b086b65cdfc9411b78c3f995a381d68a976784
672,unknown,Granite 4.1 8B,run_672__unknown__granite_4_1_8b.md,3795,9233a6cdfe44ced06544889cbaa8bd7b3f884e7a3747f9a426818abc7ad4743e
673,unknown,Llama 3.1 8B Instruct,run_673__unknown__llama_3_1_8b_instruct.md,2745,614987f239fc777c2e404e634554d720a9c9ccf751e236abbb33de9731f52990
674,unknown,Llama 3.1 8B Instruct,run_674__unknown__llama_3_1_8b_instruct.md,2051,91899368f61ef9694fa1f84f2031375e2b5e6b57b1942280bd1d1f549b6e7a51
675,unknown,Llama 3.1 8B Instruct,run_675__unknown__llama_3_1_8b_instruct.md,3543,792a8767b0319f19f9eb3d479f4e99462d522961e3e9cf178fcb21ed59041a71
676,unknown,Ministral 3 8B,run_676__unknown__ministral_3_8b.md,5221,30829eb9da86c3924f20c36dd05e813fa5246801048a18a376cf6daae3ac480a
677,unknown,Ministral 3 8B,run_677__unknown__ministral_3_8b.md,4719,438f5f2422d83c3bc133f7eb6a30e86893430a90decd880b02057cf71fb44f1f
678,unknown,Ministral 3 8B,run_678__unknown__ministral_3_8b.md,7611,c77b81dc4831d4c00d22aa253387bd75d7d897d0c0c1a03d8a2d51be7d32af6c
679,unknown,Mistral NeMo 12B,run_679__unknown__mistral_nemo_12b.md,2500,1df494ff1fd74bb328fe58f5dd821c99a0edfd806b953e8f49e09bb3802070bb
680,unknown,Mistral NeMo 12B,run_680__unknown__mistral_nemo_12b.md,2363,b3ae3f54ee8417d8c9351bdac608f2b81aeb41b1aff9948676a12ab80e2c7a91
681,unknown,Mistral NeMo 12B,run_681__unknown__mistral_nemo_12b.md,2767,1a1943224d68ed9c66c905f56746875671f9df3c210a55f1927c3b9d039d45fc
682,unknown,Mistral Small 3.2 24B Instruct,run_682__unknown__mistral_small_3_2_24b_instruct.md,3983,be42e1d7389b16a09fef1d798c6f3881eaf36d5134185d26eb108abbed9efdf7
683,unknown,NVIDIA Nemotron 3 Nano 30B-A3B,run_683__unknown__nvidia_nemotron_3_nano_30b_a3b.md,19208,e043621dc0a75ffd1efd7f16ca13023b49275fd1ff8b047e5422a55d3bee391e
684,unknown,Qwen3 8B,run_684__unknown__qwen3_8b.md,126,05d16a0e1109f475d313c555b9181bf35ec922b9fa9d408eaa0f615b523e4608
685,unknown,Qwen3.5 9B,run_685__unknown__qwen3_5_9b.md,2776,75b255c6d9d4b58def72155ef8987302b591091a7ac6e7825761f618be84a65d
686,unknown,Gemma 3 12B IT,run_686__unknown__gemma_3_12b_it.md,3966,419acf25c760a173890569488eaacbd0f864dcf3cb1b1dbcbc62d4d9e7a478a8
687,unknown,Gemma 3 12B IT,run_687__unknown__gemma_3_12b_it.md,3747,46e30bacef5f5ff46c6b48e04e041cdab999d9f0547c12749210ed5ea99f4ea3
688,unknown,Gemma 3 12B IT,run_688__unknown__gemma_3_12b_it.md,3607,8516ea21958c9994dfaa071081f66d58e2147ee056b453f3bb761ecb870df2c5
689,unknown,Gemma 3 27B IT,run_689__unknown__gemma_3_27b_it.md,3423,79bce5b4c6c0a4611012ae70cbba5fd22e67a65c4e70feccfc4cec1884781a9a
690,unknown,Gemma 4 31B IT,run_690__unknown__gemma_4_31b_it.md,2683,e1c9e7b44b1494616e9b907d8c6719642819434dc4870e57e42fbb4822ce81b5
691,unknown,Granite 4.1 8B,run_691__unknown__granite_4_1_8b.md,2573,13ca6efa8bd0ee93274030d2bbb78269ab80843858f39410f36b139746f708b5
692,unknown,Granite 4.1 8B,run_692__unknown__granite_4_1_8b.md,2572,4a831c3a8af5172befa5afc2ded391aaf8cfdad388f9cff84b50742aca0369da
693,unknown,Granite 4.1 8B,run_693__unknown__granite_4_1_8b.md,2795,e1729b19cf71b30ee56dd74661a30f817291ee155f693a3ca6fcb55f2d29f60f
694,unknown,Llama 3.1 8B Instruct,run_694__unknown__llama_3_1_8b_instruct.md,2085,be9bdabb175be74a0412f3df47875f05389ff6077b73c29cd0df2026be7c51d9
695,unknown,Llama 3.1 8B Instruct,run_695__unknown__llama_3_1_8b_instruct.md,2089,183d34a7fb1c4c4d97feae366aff36eb2568d3e7dc91e877c940177779a0143a
696,unknown,Llama 3.1 8B Instruct,run_696__unknown__llama_3_1_8b_instruct.md,2509,f1a72777a46c5a27229fa12d051f80ecb5e94a9b621ff3dbe86bea3fc4e14bae
697,unknown,Ministral 3 8B,run_697__unknown__ministral_3_8b.md,4129,6fbde167f012187780778eaa4381e2776a5e600782388c38bf60172f74c36570
698,unknown,Ministral 3 8B,run_698__unknown__ministral_3_8b.md,4538,df0956e05b826bcf86e84ff6d471944f8178a43fa803e9aa24862e242fb090e8
699,unknown,Ministral 3 8B,run_699__unknown__ministral_3_8b.md,5362,07ee53b0a054f65441a72ab81bc1853ec704183b63bd847286cc751d1664336d
700,unknown,Mistral NeMo 12B,run_700__unknown__mistral_nemo_12b.md,2235,96de2cb9157bf80be32bb89c541abdb277fa5865e8f951b9bef7acec83c95438
701,unknown,Mistral NeMo 12B,run_701__unknown__mistral_nemo_12b.md,1750,1f79cfd108ed011e24dde53ade9df8e908aa73502d67ed7407255baf421802ba
702,unknown,Mistral NeMo 12B,run_702__unknown__mistral_nemo_12b.md,2235,96de2cb9157bf80be32bb89c541abdb277fa5865e8f951b9bef7acec83c95438
703,unknown,Mistral Small 3.2 24B Instruct,run_703__unknown__mistral_small_3_2_24b_instruct.md,2327,d01b07c0a7a6ee4df85084c1a2b95f4d00ec4f383006d5a9ddaf91131bb54efd
704,unknown,NVIDIA Nemotron 3 Nano 30B-A3B,run_704__unknown__nvidia_nemotron_3_nano_30b_a3b.md,2708,58878219679f91ab0495eb9eff1305ee4405895000cba19daf32ea90c153078a
705,unknown,Qwen3 8B,run_705__unknown__qwen3_8b.md,128,7b22ce7bed7535083152a80acbbeb00def76e5ea57327e87e9891071e7ac9d9b
706,unknown,Qwen3.5 9B,run_706__unknown__qwen3_5_9b.md,4269,cb4b471a04eecc628c36a70717b9e9574152a39a1bbfcb37dab47fe5077fe393
